{
"api":[ 
{
"ext": "clan://localhost/tvbox/tvbox.json",
"date":"2022-09-09 20:46:00",
"key":"本地接口",
"name":"本地接口"
},
{
"ext": "https://agit.ai/Yoursmile7/TVBox/raw/branch/master/XC.json",
"date":"2022-09-09 20:46:00",
"key":"Yoursmile7线路",
"name":"Yoursmile7线路"
},
{
"ext": "https://agit.ai/66666/mao/raw/branch/master/00/自用.json",
"date":"2022-09-09 20:46:00",
"key":"66666VIP直播密码0576",
"name": "66666VIP直播密码0576"
},
{
"ext": "https://agit.ai/66666/mao/raw/branch/master/00/000.m3u8",
"date":"2022-09-09 20:46:00",
"key":"66666〔000〕线路",
"name": "66666〔000〕线路"
},
{
"ext": "https://agit.ai/66666/mao/raw/branch/master/00/666.m3u8",
"date":"2022-09-09 20:46:00",
"key":"66666〔666〕线路",
"name": "66666〔666〕线路"
},
{
"ext": "https://agit.ai/66666/mao/raw/branch/master/00/999.m3u8",
"date":"2022-09-09 20:46:00",
"key":"66666〔999〕线路",
"name": "66666〔999〕线路"
},
{
"ext": "https://raw.fastgit.org/liu673cn/box/main/m.json",
"date":"2022-09-09 20:46:00",
"key":"老刘备线路",
"name": "老刘备线路"
},
{
"ext": "https://liu673cn.github.io/box/m.json",
"date":"2022-09-09 20:46:00",
"key":"老刘备副线",
"name": "老刘备副线"
},
{
"ext": "https://raw.liucn.cc/box/m.json",
"date":"2022-09-09 20:46:00",
"key":"老刘备副线二",
"name": "老刘备副线二"
},
{
"ext": "https://agit.ai/nbwzlyd/xiaopingguo/raw/branch/master/xiaopingguo/xiaopingguo.json",
"date":"2022-09-09 20:46:00",
"key":"小苹果线路",
"name": "小苹果线路"
},
{
"ext": "https://pastebin.com/raw/FSLJXZN5",
"date":"2022-09-09 20:46:00",
"key":"公众号:源享家 免费接口",
"name":"公众号:源享家 免费接口"
},
{
"ext": "http://52bsj.vip:98/wuai",
"date":"2022-09-06 12:17:00",
"key":"吾爱️线路",
"name":"吾爱️线路"
},
{
"ext": "http://maoyingshi.cc/tvbox/云星日记/1.m3u8",
"date":"2022-09-06 12:17:00",
"key":"〔云星日记〕家庭版线路",
"name":"〔云星日记〕家庭版线路"
},
{
"ext": "http://maoyingshi.cc/tvbox/云星日记/bili.json",
"date":"2022-09-06 12:17:00",
"key":"〔云星日记〕哔哩套餐线路",
"name":"〔云星日记〕哔哩套餐线路"
},
{
"ext": "http://maoyingshi.cc/tvbox/云星日记/ali.m3u8",
"date":"2022-09-09 20:46:00",
"key":"〔云星日记〕阿里套餐线路",
"name": "〔云星日记〕阿里套餐线路"
},
{
"ext": "http://刚刚.live/猫",
"date":"2022-09-06 12:17:00",
"key":"猫TV主线",
"name":"猫TV主线"
},
{
"ext": "http://xn--4bra.live/猫",
"date":"2022-09-06 12:17:00",
"key":"猫TV副线",
"name":"猫TV副线"
},
{
"ext": "https://raw.fastgit.org/hjcmcn/z/main/16.json",
"date":"2022-09-09 20:46:00",
"key":"HJCMCN线路",
"name": "HJCMCN线路"
},
{
"ext": "https://gitcode.net/qq_33403597/tvys/-/raw/master/000.m3u8",
"date":"2022-09-09 20:46:00",
"key":"多多TV线路",
"name": "多多TV线路"
},
{
"ext": "https://agit.ai/mmmgit/tvbox/raw/branch/main/zzz1.json",
"date":"2022-09-09 20:46:00",
"key":"mmgit线路",
"name": "mmgit线路"
},
{
"ext": "https://agit.ai/1357712527/tvbox/raw/branch/master/STVBox.json",
"date":"2022-09-09 20:46:00",
"key":"1357712527线路",
"name": "1357712527线路"
},
{
"ext": "https://agit.ai/Gaytime/CC/raw/branch/master/1024.txt",
"date":"2022-09-09 20:46:00",
"key":"Gaytime线路",
"name": "Gaytime线路"
},
{
"ext": "https://agit.ai/zqk219/baip/raw/branch/master/tv.json",
"date":"2022-09-09 20:46:00",
"key":"zqk219线路",
"name": "zqk219线路"
},
{
"ext": "https://raw.fastgit.org/chengxueli818913/maoTV/main/33.txt",
"date":"2022-09-09 20:46:00",
"key":"佰欣园〔33〕线路",
"name": "佰欣园〔33〕线路"
},
{
"ext": "https://raw.fastgit.org/chengxueli818913/maoTV/raw/main/44.txt",
"date":"2022-09-09 20:46:00",
"key":"佰欣园〔44〕线路",
"name": "佰欣园〔44〕线路"
},
{
"ext": "https://神器每日推送.tk/pz.json",
"date":"2022-09-06 12:17:00",
"key":"神器每日推送线路",
"name":"神器每日推送线路"
},
{
"ext": "https://gitcode.net/qq_26898231/TVBox/-/raw/main/tv.json",
"date":"2022-09-06 12:17:00",
"key":"冰点娱乐线路",
"name":"冰点娱乐线路"
},
{
"ext": "http://120.53.102.254/tvb",
"date":"2022-09-06 12:17:00",
"key":"懒人线路",
"name":"懒人线路"
},
{
"ext": "https://box.okeybox.top/tv/0xth.json",
"date":"2022-09-06 12:17:00",
"key":"懒人副线",
"name":"懒人副线"
},
{
"ext": "http://47.242.90.42:8888/down/BJZPa8THuiE9",
"date":"2022-09-06 12:17:00",
"key":"星辰线路",
"name":"星辰线路"
},
{
"ext": "http://0454dt.com/tvbox",
"date":"2022-09-06 12:17:00",
"key":"二哈线路",
"name":"二哈线路"
},
{
"ext": "https://gitcode.net/kuukey/a/-/raw/master/0.json",
"date":"2022-09-06 12:17:00",
"key":"KUUKE线路",
"name":"KUUKE线路"
},
{
"ext": "https://download.kstore.space/download/2863/01.txt",
"date":"2022-09-06 12:17:00",
"key":"潇洒日记线路",
"name":"潇洒日记线路"
},
{
"ext": "https://wds.ecsxs.com/223843.txt",
"date":"2022-09-06 12:17:00",
"key":"223843线路",
"name":"223843线路"
},
{
"ext": "http://s.nxw.so/vip",
"date":"2022-09-06 12:17:00",
"key":"凯速2863",
"name":"凯速2863"
},
{
"ext": "https://shadowchiu369.github.io/TVBox/sc.json",
"date":"2022-09-06 12:17:00",
"key":"啥都愁线路",
"name":"啥都愁线路"
},
{
"ext": "https://agit.ai/n/b/raw/branch/a/b/c.json",
"date":"2022-09-06 12:17:00",
"key":"HDXY线路",
"name":"HDXY线路"
},
{
"url": "http://api.xiaoz.fit/1.json",
"date":"2022-09-09 20:46:00",
"key":"小子线路",
"name": "小子线路"
},
{
"url": "https://dxawi.github.io/0/0.json",
"date":"2022-09-09 20:46:00",
"key":"dxawi线路",
"name": "dxawi线路"
},
{
"url": "https://gitcode.net/kuukey/a/-/raw/master/0.json",
"date":"2022-09-09 20:46:00",
"key":"kuukry线路",
"name": "kuukry线路"
},
{
"url": "https://gitee.com/jjjsndjdjjjjd/tv-storage/raw/master/tv.txt",
"date":"2022-09-09 20:46:00",
"key":"TV开发者线路",
"name": "TV开发者线路"
},
{
"url":"https://agit.ai/kerkier/gz/raw/branch/master/hh.json",
"date":"2022-09-09 20:46:00",
"key":"kerkier〔hh〕线路",
"name":"kerkier〔hh〕线路"
},
{
"url":"https://agit.ai/kerkier/gz/raw/branch/master/gg.json",
"date":"2022-09-09 20:46:00",
"key":"kerkier〔gg〕线路",
"name":"kerkier〔gg〕线路"
},
{
"ext": "https://www.fastmock.site/mock/1d52adb084c96725525077ce7380de4c/tv/bd",
"date":"2022-09-06 12:17:00",
"key":"BD线路",
"name":"BD线路"
},
{
"ext": "http://js.134584.xyz/json/pp87.json",
"date":"2022-09-06 12:17:00",
"key":"白嫖影视家庭版线路",
"name":"白嫖影视家庭版线路"
},

{
"ext": "http://52bsj.vip:81/api/v3/file/get/29899/box2.json?sign=3cVyKZQr3lFAwdB3HK-A7h33e0MnmG6lLB9oWlvSNnM%3D%3A0",
"date":"2022-09-06 12:17:00",
"key":"月光宝盒线路",
"name":"月光宝盒线路"
},
{
"ext": "https://share.nite07.com/api/v3/file/source/13485/0716.txt?sign=dxhV79Bv7z8Dc-UIC75rWZ50Z1qFYUJxqOwaBsKhKQU=:0",
"date":"2022-09-06 12:17:00",
"key":"猫影视Pro线路",
"name":"猫影视Pro线路"
},


{
"ext": "http://miaotvs.cn/osc",
"date":"2022-09-06 12:17:00",
"key":"太阳视界家庭版线路",
"name":"太阳视界家庭版线路"
},
{
"url":"https://raw.fastgit.org/chengxueli818913/maoTV/main/18.json",
"date":"2022-09-06 12:17:00",
"key":"佰欣园福利线路",
"name":"佰欣园福利线路"
},
{
"url":"https://raw.fastgit.org/chengxueli818913/maoTV/main/福利接口.txt",
"date":"2022-09-06 12:17:00",
"key":"佰欣园福利接口",
"name":"佰欣园福利接口"
},
{
"url":"https://pic.stackoverflow.wiki/uploadImages/122/140/12/253/2022/08/28/19/53/49035532-8b9e-43b2-8c0c-be1c0908f1c5.jpg",
"date":"2022-09-06 12:17:00",
"key":"?????",
"name":"?????"
}
]
}
