{


"lives": [{
		"group": "redirect",
		"channels": [{
			"name": "live",
			"urls": ["proxy://do=live&type=txt&ext=http://shuyuan.miaogongzi.net/shuyuan/1664862422.txt"]
		}]
	}],









  "sites": [
    {
      "key": "drpy_js_360影视",
      "name": "360影视[DRPY]",
      "type": 3,
      "api": "https://agit.ai/138001380000/MHQTV/raw/branch/master/js/lib/drpy.js",
      "searchable": 1,
		"quickSearch": 1,
		"filterable": 1,
      "ext": "https://agit.ai/138001380000/MHQTV/raw/branch/master/js/360影视.js"
    },
    {
      "key": "drpy_js_555影视",
      "name": "555影视[DRPY]",
      "type": 3,
      "api": "https://agit.ai/138001380000/MHQTV/raw/branch/master/js/lib/drpy.js",
      "ext": "https://agit.ai/138001380000/MHQTV/raw/branch/master/js/555影视.js"
    },
    {
      "key": "drpy_js_1080P",
      "name": "1080P[DRPY]",
      "type": 3,
      "api": "https://agit.ai/138001380000/MHQTV/raw/branch/master/js/lib/drpy.js",
      "ext": "https://agit.ai/138001380000/MHQTV/raw/branch/master/js/1080P.js"
    },
    {
      "key": "drpy_js_AnFuns",
      "name": "AnFuns[DRPY]",
      "type": 3,
      "api": "https://agit.ai/138001380000/MHQTV/raw/branch/master/js/lib/drpy.js",
      "ext": "https://agit.ai/138001380000/MHQTV/raw/branch/master/js/AnFuns.js"
    },
    {
      "key": "drpy_js_007影视",
      "name": "007影视[DRPY]",
      "type": 3,
      "api": "https://agit.ai/138001380000/MHQTV/raw/branch/master/js/lib/drpy.js",
      "ext": "https://agit.ai/138001380000/MHQTV/raw/branch/master/js/007影视.js"
    },
    {
      "key": "drpy_js_cokemv",
      "name": "cokemv[DRPY]",
      "type": 3,
      "api": "https://agit.ai/138001380000/MHQTV/raw/branch/master/js/lib/drpy.js",
      "ext": "https://agit.ai/138001380000/MHQTV/raw/branch/master/js/cokemv.js"
    },
    {
      "key": "drpy_js_drpy",
      "name": "drpy[DRPY]",
      "type": 3,
      "api": "https://agit.ai/138001380000/MHQTV/raw/branch/master/js/lib/drpy.js",
      "ext": "https://agit.ai/138001380000/MHQTV/raw/branch/master/js/drpy.js"
    },
    {
      "key": "drpy_js_l0l",
      "name": "l0l[DRPY]",
      "type": 3,
      "api": "https://agit.ai/138001380000/MHQTV/raw/branch/master/js/lib/drpy.js",
      "ext": "https://agit.ai/138001380000/MHQTV/raw/branch/master/js/l0l.js"
    },
    {
      "key": "drpy_js_LIBVIO",
      "name": "LIBVIO[DRPY]",
      "type": 3,
      "api": "https://agit.ai/138001380000/MHQTV/raw/branch/master/js/lib/drpy.js",
      "ext": "https://agit.ai/138001380000/MHQTV/raw/branch/master/js/LIBVIO.js"
    },
    {
      "key": "drpy_js_vip影院",
      "name": "vip影院[DRPY]",
      "type": 3,
      "api": "https://agit.ai/138001380000/MHQTV/raw/branch/master/js/lib/drpy.js",
      "ext": "https://agit.ai/138001380000/MHQTV/raw/branch/master/js/vip影院.js"
    },
    {
      "key": "drpy_js_百忙无果",
      "name": "百忙无果[DRPY]",
      "type": 3,
      "api": "https://agit.ai/138001380000/MHQTV/raw/branch/master/js/lib/drpy.js",
      "ext": "https://agit.ai/138001380000/MHQTV/raw/branch/master/js/百忙无果.js"
    },
    {
      "key": "drpy_js_菜狗",
      "name": "菜狗[DRPY]",
      "type": 3,
      "api": "https://agit.ai/138001380000/MHQTV/raw/branch/master/js/lib/drpy.js",
      "ext": "https://agit.ai/138001380000/MHQTV/raw/branch/master/js/菜狗.js"
    },
    {
      "key": "drpy_js_大米星球",
      "name": "大米星球[DRPY]",
      "type": 3,
      "api": "https://agit.ai/138001380000/MHQTV/raw/branch/master/js/lib/drpy.js",
      "ext": "https://agit.ai/138001380000/MHQTV/raw/branch/master/js/大米星球.js"
    },
    {
      "key": "drpy_js_番茄影视",
      "name": "番茄影视[DRPY]",
      "type": 3,
      "api": "https://agit.ai/138001380000/MHQTV/raw/branch/master/js/lib/drpy.js",
      "ext": "https://agit.ai/138001380000/MHQTV/raw/branch/master/js/番茄影视.js"
    },
    {
      "key": "drpy_js_干饭影视",
      "name": "干饭影视[DRPY]",
      "type": 3,
      "api": "https://agit.ai/138001380000/MHQTV/raw/branch/master/js/lib/drpy.js",
      "ext": "https://agit.ai/138001380000/MHQTV/raw/branch/master/js/干饭影视.js"
    },
    {
      "key": "drpy_js_瓜皮TV",
      "name": "瓜皮TV[DRPY]",
      "type": 3,
      "api": "https://agit.ai/138001380000/MHQTV/raw/branch/master/js/lib/drpy.js",
      "ext": "https://agit.ai/138001380000/MHQTV/raw/branch/master/js/瓜皮TV.js"
    },
    {
      "key": "drpy_js_剧白白",
      "name": "剧白白[DRPY]",
      "type": 3,
      "api": "https://agit.ai/138001380000/MHQTV/raw/branch/master/js/lib/drpy.js",
      "ext": "https://agit.ai/138001380000/MHQTV/raw/branch/master/js/剧白白.js"
    },
    {
      "key": "drpy_js_看视界",
      "name": "看视界[DRPY]",
      "type": 3,
      "api": "https://agit.ai/138001380000/MHQTV/raw/branch/master/js/lib/drpy.js",
      "ext": "https://agit.ai/138001380000/MHQTV/raw/branch/master/js/看视界.js"
    },
    {
      "key": "drpy_js_库马伊",
      "name": "库马伊[DRPY]",
      "type": 3,
      "api": "https://agit.ai/138001380000/MHQTV/raw/branch/master/js/lib/drpy.js",
      "ext": "https://agit.ai/138001380000/MHQTV/raw/branch/master/js/库马伊.js"
    },
    {
      "key": "drpy_js_酷云77",
      "name": "酷云77[DRPY]",
      "type": 3,
      "api": "https://agit.ai/138001380000/MHQTV/raw/branch/master/js/lib/drpy.js",
      "ext": "https://agit.ai/138001380000/MHQTV/raw/branch/master/js/酷云77.js"
    },
    {
      "key": "drpy_js_蓝光影院",
      "name": "蓝光影院[DRPY]",
      "type": 3,
      "api": "https://agit.ai/138001380000/MHQTV/raw/branch/master/js/lib/drpy.js",
      "ext": "https://agit.ai/138001380000/MHQTV/raw/branch/master/js/蓝光影院.js"
    },
    {
      "key": "drpy_js_蓝莓影视",
      "name": "蓝莓影视[DRPY]",
      "type": 3,
      "api": "https://agit.ai/138001380000/MHQTV/raw/branch/master/js/lib/drpy.js",
      "ext": "https://agit.ai/138001380000/MHQTV/raw/branch/master/js/蓝莓影视.js"
    },
    {
      "key": "drpy_js_凌云影视",
      "name": "凌云影视[DRPY]",
      "type": 3,
      "api": "https://agit.ai/138001380000/MHQTV/raw/branch/master/js/lib/drpy.js",
      "ext": "https://agit.ai/138001380000/MHQTV/raw/branch/master/js/凌云影视.js"
    },
    {
      "key": "drpy_js_猫了个咪",
      "name": "猫了个咪[DRPY]",
      "type": 3,
      "api": "https://agit.ai/138001380000/MHQTV/raw/branch/master/js/lib/drpy.js",
      "ext": "https://agit.ai/138001380000/MHQTV/raw/branch/master/js/猫了个咪.js"
    },
    {
      "key": "drpy_js_喵喵",
      "name": "喵喵[DRPY]",
      "type": 3,
      "api": "https://agit.ai/138001380000/MHQTV/raw/branch/master/js/lib/drpy.js",
      "ext": "https://agit.ai/138001380000/MHQTV/raw/branch/master/js/喵喵.js"
    },
    {
      "key": "drpy_js_模板",
      "name": "模板[DRPY]",
      "type": 3,
      "api": "https://agit.ai/138001380000/MHQTV/raw/branch/master/js/lib/drpy.js",
      "ext": "https://agit.ai/138001380000/MHQTV/raw/branch/master/js/模板.js"
    },
    {
      "key": "drpy_js_莫扎兔",
      "name": "莫扎兔[DRPY]",
      "type": 3,
      "api": "https://agit.ai/138001380000/MHQTV/raw/branch/master/js/lib/drpy.js",
      "ext": "https://agit.ai/138001380000/MHQTV/raw/branch/master/js/莫扎兔.js"
    },
    {
      "key": "drpy_js_牛马TV",
      "name": "牛马TV[DRPY]",
      "type": 3,
      "api": "https://agit.ai/138001380000/MHQTV/raw/branch/master/js/lib/drpy.js",
      "ext": "https://agit.ai/138001380000/MHQTV/raw/branch/master/js/牛马TV.js"
    },
    {
      "key": "drpy_js_奇优影院",
      "name": "奇优影院[DRPY]",
      "type": 3,
      "api": "https://agit.ai/138001380000/MHQTV/raw/branch/master/js/lib/drpy.js",
      "ext": "https://agit.ai/138001380000/MHQTV/raw/branch/master/js/奇优影院.js"
    },
    {
      "key": "drpy_js_奇珍异兽",
      "name": "奇珍异兽[DRPY]",
      "type": 3,
      "api": "https://agit.ai/138001380000/MHQTV/raw/branch/master/js/lib/drpy.js",
      "ext": "https://agit.ai/138001380000/MHQTV/raw/branch/master/js/奇珍异兽.js"
    },
    {
      "key": "drpy_js_人人影视",
      "name": "人人影视[DRPY]",
      "type": 3,
      "api": "https://agit.ai/138001380000/MHQTV/raw/branch/master/js/lib/drpy.js",
      "ext": "https://agit.ai/138001380000/MHQTV/raw/branch/master/js/人人影视.js"
    },
    {
      "key": "drpy_js_腾云驾雾",
      "name": "腾云驾雾[DRPY]",
      "type": 3,
      "api": "https://agit.ai/138001380000/MHQTV/raw/branch/master/js/lib/drpy.js",
      "ext": "https://agit.ai/138001380000/MHQTV/raw/branch/master/js/腾云驾雾.js"
    },
    {
      "key": "drpy_js_兔小贝",
      "name": "兔小贝[DRPY]",
      "type": 3,
      "api": "https://agit.ai/138001380000/MHQTV/raw/branch/master/js/lib/drpy.js",
      "ext": "https://agit.ai/138001380000/MHQTV/raw/branch/master/js/兔小贝.js"
    },
    {
      "key": "drpy_js_万能影视",
      "name": "万能影视[DRPY]",
      "type": 3,
      "api": "https://agit.ai/138001380000/MHQTV/raw/branch/master/js/lib/drpy.js",
      "ext": "https://agit.ai/138001380000/MHQTV/raw/branch/master/js/万能影视.js"
    },
    {
      "key": "drpy_js_小猫咪",
      "name": "小猫咪[DRPY]",
      "type": 3,
      "api": "https://agit.ai/138001380000/MHQTV/raw/branch/master/js/lib/drpy.js",
      "ext": "https://agit.ai/138001380000/MHQTV/raw/branch/master/js/小猫咪.js"
    },
    {
      "key": "drpy_js_小强迷",
      "name": "小强迷[DRPY]",
      "type": 3,
      "api": "https://agit.ai/138001380000/MHQTV/raw/branch/master/js/lib/drpy.js",
      "ext": "https://agit.ai/138001380000/MHQTV/raw/branch/master/js/小强迷.js"
    },
    {
      "key": "drpy_js_玄天",
      "name": "玄天[DRPY]",
      "type": 3,
      "api": "https://agit.ai/138001380000/MHQTV/raw/branch/master/js/lib/drpy.js",
      "ext": "https://agit.ai/138001380000/MHQTV/raw/branch/master/js/玄天.js"
    },
    {
      "key": "drpy_js_鸭奈飞",
      "name": "鸭奈飞[DRPY]",
      "type": 3,
      "api": "https://agit.ai/138001380000/MHQTV/raw/branch/master/js/lib/drpy.js",
      "ext": "https://agit.ai/138001380000/MHQTV/raw/branch/master/js/鸭奈飞.js"
    },
    {
      "key": "drpy_js_夜空",
      "name": "夜空[DRPY]",
      "type": 3,
      "api": "https://agit.ai/138001380000/MHQTV/raw/branch/master/js/lib/drpy.js",
      "ext": "https://agit.ai/138001380000/MHQTV/raw/branch/master/js/夜空.js"
    },
    {
      "key": "drpy_js_影视工厂",
      "name": "影视工厂[DRPY]",
      "type": 3,
      "api": "https://agit.ai/138001380000/MHQTV/raw/branch/master/js/lib/drpy.js",
      "ext": "https://agit.ai/138001380000/MHQTV/raw/branch/master/js/影视工厂.js"
    },
    {
      "key": "drpy_js_优酷",
      "name": "优酷[DRPY]",
      "type": 3,
      "api": "https://agit.ai/138001380000/MHQTV/raw/branch/master/js/lib/drpy.js",
      "ext": "https://agit.ai/138001380000/MHQTV/raw/branch/master/js/优酷.js"
    },
    {
      "key": "drpy_js_在线之家",
      "name": "在线之家[DRPY]",
      "type": 3,
      "api": "https://agit.ai/138001380000/MHQTV/raw/branch/master/js/lib/drpy.js",
      "ext": "https://agit.ai/138001380000/MHQTV/raw/branch/master/js/在线之家.js"
    },
    {
      "key": "drpy_js_真不卡",
      "name": "真不卡[DRPY]",
      "type": 3,
      "api": "https://agit.ai/138001380000/MHQTV/raw/branch/master/js/lib/drpy.js",
      "ext": "https://agit.ai/138001380000/MHQTV/raw/branch/master/js/真不卡.js"
    },
    {
      "key": "drpy_js_追剧喵",
      "name": "追剧喵[DRPY]",
      "type": 3,
      "api": "https://agit.ai/138001380000/MHQTV/raw/branch/master/js/lib/drpy.js",
      "ext": "https://agit.ai/138001380000/MHQTV/raw/branch/master/js/追剧喵.js"
    },{
      "key": "drpy_js_胖虎影视",
      "name": "胖虎影视[DRPY]",
      "type": 3,
      "api": "https://agit.ai/138001380000/MHQTV/raw/branch/master/js/lib/drpy.js",
      "ext": "https://agit.ai/138001380000/MHQTV/raw/branch/master/js/胖虎影视.js"
    },{
      "key": "drpy_js_皮皮泡",
      "name": "皮皮泡[DRPY]",
      "type": 3,
      "api": "https://agit.ai/138001380000/MHQTV/raw/branch/master/js/lib/drpy.js",
      "ext": "https://agit.ai/138001380000/MHQTV/raw/branch/master/js/皮皮泡.js"
    },{
      "key": "drpy_js_看了么",
      "name": "看了么[DRPY]",
      "type": 3,
      "api": "https://agit.ai/138001380000/MHQTV/raw/branch/master/js/lib/drpy.js",
      "ext": "https://agit.ai/138001380000/MHQTV/raw/branch/master/js/看了么.js"
    },{
      "key": "drpy_js_特狗影视",
      "name": "特狗影视[DRPY]",
      "type": 3,
      "api": "https://agit.ai/138001380000/MHQTV/raw/branch/master/js/lib/drpy.js",
      "ext": "https://agit.ai/138001380000/MHQTV/raw/branch/master/js/特狗影视.js"
    },{
      "key": "drpy_js_爱看电影",
      "name": "爱看电影[DRPY]",
      "type": 3,
      "api": "https://agit.ai/138001380000/MHQTV/raw/branch/master/js/lib/drpy.js",
      "ext": "https://agit.ai/138001380000/MHQTV/raw/branch/master/js/爱看电影.js"
    },{
      "key": "drpy_js_爱看影视",
      "name": "爱看影视[DRPY]",
      "type": 3,
      "api": "https://agit.ai/138001380000/MHQTV/raw/branch/master/js/lib/drpy.js",
      "ext": "https://agit.ai/138001380000/MHQTV/raw/branch/master/js/爱看影视.js"
    },{
      "key": "drpy_js_快云影院",
      "name": "快云影院[DRPY]",
      "type": 3,
      "api": "https://agit.ai/138001380000/MHQTV/raw/branch/master/js/lib/drpy.js",
      "ext": "https://agit.ai/138001380000/MHQTV/raw/branch/master/js/快云影院.js"
    },{
      "key": "drpy_js_完美看看",
      "name": "完美看看[DRPY]",
      "type": 3,
      "api": "https://agit.ai/138001380000/MHQTV/raw/branch/master/js/lib/drpy.js",
      "ext": "https://agit.ai/138001380000/MHQTV/raw/branch/master/js/完美看看.js"
    },{
      "key": "drpy_js_天空影视",
      "name": "天空影视[DRPY]",
      "type": 3,
      "api": "https://agit.ai/138001380000/MHQTV/raw/branch/master/js/lib/drpy.js",
      "ext": "https://agit.ai/138001380000/MHQTV/raw/branch/master/js/天空影视.js"
    },{
      "key": "drpy_js_大师兄影视",
      "name": "大师兄影视[DRPY]",
      "type": 3,
      "api": "https://agit.ai/138001380000/MHQTV/raw/branch/master/js/lib/drpy.js",
      "ext": "https://agit.ai/138001380000/MHQTV/raw/branch/master/js/大师兄影视.js"
    },{
      "key": "drpy_js_剧迷",
      "name": "剧迷[DRPY]",
      "type": 3,
      "api": "https://agit.ai/138001380000/MHQTV/raw/branch/master/js/lib/drpy.js",
      "ext": "https://agit.ai/138001380000/MHQTV/raw/branch/master/js/剧迷.js"
    },{
      "key": "drpy_js_剧荒",
      "name": "剧荒[DRPY]",
      "type": 3,
      "api": "https://agit.ai/138001380000/MHQTV/raw/branch/master/js/lib/drpy.js",
      "ext": "https://agit.ai/138001380000/MHQTV/raw/branch/master/js/剧荒.js"
    },{
      "key": "drpy_js_乐猪TV",
      "name": "乐猪TV[DRPY]",
      "type": 3,
      "api": "https://agit.ai/138001380000/MHQTV/raw/branch/master/js/lib/drpy.js",
      "ext": "https://agit.ai/138001380000/MHQTV/raw/branch/master/js/乐猪TV.js"
    },{
      "key": "drpy_js_两个BT",
      "name": "两个BT[DRPY]",
      "type": 3,
      "api": "https://agit.ai/138001380000/MHQTV/raw/branch/master/js/lib/drpy.js",
      "ext": "https://agit.ai/138001380000/MHQTV/raw/branch/master/js/两个BT.js"
    },{
      "key": "drpy_js_TV云播",
      "name": "TV云播[DRPY]",
      "type": 3,
      "api": "https://agit.ai/138001380000/MHQTV/raw/branch/master/js/lib/drpy.js",
      "ext": "https://agit.ai/138001380000/MHQTV/raw/branch/master/js/TV云播.js"
    },{
      "key": "drpy_js_Nike影视",
      "name": "Nike影视[DRPY]",
      "type": 3,
      "api": "https://agit.ai/138001380000/MHQTV/raw/branch/master/js/lib/drpy.js",
      "ext": "https://agit.ai/138001380000/MHQTV/raw/branch/master/js/Nike影视.js"
    },{
      "key": "drpy_js_MXONE",
      "name": "MXONE[DRPY]",
      "type": 3,
      "api": "https://agit.ai/138001380000/MHQTV/raw/branch/master/js/lib/drpy.js",
      "ext": "https://agit.ai/138001380000/MHQTV/raw/branch/master/js/MXONE.js"
    },{
      "key": "drpy_js_玩偶姐姐",
      "name": "玩偶姐姐[DRPY]",
      "type": 3,
      "api": "https://agit.ai/138001380000/MHQTV/raw/branch/master/js/lib/drpy.js",
      "ext": "https://agit.ai/138001380000/MHQTV/raw/branch/master/js/玩偶姐姐.js"
    },{
      "key": "drpy_js_朱古力",
      "name": "朱古力[DRPY]",
      "type": 3,
      "api": "https://agit.ai/138001380000/MHQTV/raw/branch/master/js/lib/drpy.js",
      "ext": "https://agit.ai/138001380000/MHQTV/raw/branch/master/js/朱古力.js"
    },{
      "key": "drpy_js_吸瓜",
      "name": "吸瓜[DRPY]",
      "type": 3,
      "api": "https://agit.ai/138001380000/MHQTV/raw/branch/master/js/lib/drpy.js",
      "ext": "https://agit.ai/138001380000/MHQTV/raw/branch/master/js/吸瓜.js"
    },{
      "key": "drpy_js_养端",
      "name": "养端[DRPY]",
      "type": 3,
      "api": "https://agit.ai/138001380000/MHQTV/raw/branch/master/js/lib/drpy.js",
      "ext": "https://agit.ai/138001380000/MHQTV/raw/branch/master/js/养端.js"
    },{
      "key": "drpy_js_banan",
      "name": "banan[DRPY]",
      "type": 3,
      "api": "https://agit.ai/138001380000/MHQTV/raw/branch/master/js/lib/drpy.js",
      "ext": "https://agit.ai/138001380000/MHQTV/raw/branch/master/js/banan.js"
    },{
      "key": "drpy_js_Missav",
      "name": "Missav[DRPY]",
      "type": 3,
      "api": "https://agit.ai/138001380000/MHQTV/raw/branch/master/js/lib/drpy.js",
      "ext": "https://agit.ai/138001380000/MHQTV/raw/branch/master/js/Missav.js"
    },{
      "key": "drpy_js_18av",
      "name": "18av[DRPY]",
      "type": 3,
      "api": "https://agit.ai/138001380000/MHQTV/raw/branch/master/js/lib/drpy.js",
      "ext": "https://agit.ai/138001380000/MHQTV/raw/branch/master/js/18av.js"
    }
    //https://agit.ai/138001380000/MHQTV/raw/branch/master/js/007%e5%bd%b1%e8%a7%86.js
  ],
  "lives": [
    {
      "group": "自定义",
      "channels": [
        {
          "name": "直播源",
          "urls": ["http://127.0.0.1"]
        }
      ]
    }
  ],
"parses": [
        {
            "name": "解析聚合",
            "type": 3,
            "url": "Demo"
        },
        {
            "name": "Json并发",
            "type": 2,
            "url": "Parallel"
        },
        {
            "name": "Json轮询",
            "type": 2,
            "url": "Sequence"
        },
        {
            "name": "萝卜",
            "type": 0,
            "url": "https://ys.lbbb.cc/?url="
        },
        {
            "name": "365",
            "type": 0,
            "url": "https://chaxun.truechat365.com/?url=",
            "ext": {
                "flag": [
                    "qq",
                    "腾讯",
                    "qiyi",
                    "iqiyi",
                    "爱奇艺",
                    "奇艺",
                    "youku",
                    "优酷",
                    "mgtv",
                    "芒果",
                    "letv",
                    "乐视",
                    "pptv",
                    "PPTV",
                    "sohu",
                    "bilibili",
                    "哔哩哔哩",
                    "哔哩"
                ]
            }
        },
        {
            "name": "无名1",
            "type": 1,
            "url": "http://api.ckflv.cn/?url="
        },
        {
            "name": "佳宸",
            "type": 0,
            "url": "http://1link.atwebpages.com/?url="
        },
        {
            "name": "BT51",
            "type": 1,
            "url": "https://rx.bt5v.com/json/jsonindex.php/?url="
        },
        {
            "name": "插萝莉",
            "type": 1,
            "url": "http://chaloli.cn/home/api?type=ys&uid=1942949&key=klmnqADJQRUV024678&url="
        },
        {
            "name": "8090",
            "type": 1,
            "url": "https://www.8090.la/8090/?url="
        },
        {
            "name": "无名2",
            "type": 1,
            "url": "https://h5.freejson.xyz/player/?url="
        },
        {
            "name": "云龙3",
            "type": 1,
            "url": "https://freejx.rx88.top:1234/?url="
        },
        {
            "name": "左岸",
            "type": 1,
            "url": "https://jx.bozrc.com:4433/player/?url="
        },
        {
            "name": "ok",
            "type": 1,
            "url": "https://okjx.cc/?url="
        },
        {
            "name": "思古3",
            "type": 1,
            "url": "https://jsap.attakids.com/?url="
        },
        {
            "name": "夜幕",
            "type": 1,
            "url": "https://www.yemu.xyz/?url="
        },
        {
            "name": "keyu",
            "type": 1,
            "url": "http://newjiexi.gotka.top/keyu3.php?url=",
            "ext": {
                "flag": [
                    "qq",
                    "腾讯",
                    "qiyi",
                    "爱奇艺",
                    "奇艺",
                    "youku",
                    "优酷",
                    "mgtv",
                    "芒果",
                    "letv",
                    "乐视",
                    "pptv",
                    "PPTV",
                    "sohu",
                    "bilibili",
                    "哔哩哔哩",
                    "哔哩"
                ],
                "header": {
                    "User-Agent": "okhttp/4.1.0"
                }
            }
        },
        {
            "name": "南云",
            "type": 1,
            "url": "https://hc.izny.cn/json.php?url=",
            "ext": {
                "flag": [
                    "qiyi",
                    "iqiyi",
                    "奇艺",
                    "爱奇艺",
                    "qq",
                    "腾讯",
                    "youku",
                    "优酷",
                    "pptv",
                    "PPTV",
                    "letv",
                    "乐视",
                    "bilibili",
                    "哔哩哔哩",
                    "哔哩",
                    "mgtv",
                    "芒果",
                    "xigua",
                    "西瓜",
                    "sohu",
                    "搜狐",
                    "cntv",
                    "cctv",
                    "央视",
                    "1905",
                    "m1905"
                ]
            }
        },
        {
            "name": "扶风",
            "type": 1,
            "url": "https://vip.byteamone.cn/api/?key=6sdRk7xF8yaTMlRoqr&url=",
            "ext": {
                "flag": [
                    "qq",
                    "腾讯",
                    "qiyi",
                    "iqiyi",
                    "爱奇艺",
                    "奇艺",
                    "youku",
                    "优酷",
                    "mgtv",
                    "芒果",
                    "letv",
                    "乐视",
                    "pptv",
                    "PPTV",
                    "sohu",
                    "bilibili",
                    "哔哩哔哩",
                    "哔哩"
                ]
            }
        },
        {
            "name": "江湖1",
            "type": 1,
            "url": "http://tgjx.itcker.com/api/?key=u7eWwiakUR1L6KS4sj&url=",
            "ext": {
                "flag": [
                    "qq",
                    "腾讯",
                    "qiyi",
                    "iqiyi",
                    "爱奇艺",
                    "奇艺",
                    "youku",
                    "优酷",
                    "mgtv",
                    "芒果",
                    "letv",
                    "乐视",
                    "pptv",
                    "PPTV",
                    "sohu",
                    "bilibili",
                    "哔哩哔哩",
                    "哔哩"
                ]
            }
        },
        {
            "name": "江湖",
            "type": 1,
            "url": "http://211.99.99.236:4567/jhjson/ceshi.php?url=",
            "ext": {
                "flag": [
                    "qiyi",
                    "iqiyi",
                    "奇艺",
                    "爱奇艺",
                    "qq",
                    "腾讯",
                    "youku",
                    "优酷",
                    "pptv",
                    "PPTV",
                    "letv",
                    "乐视",
                    "bilibili",
                    "哔哩哔哩",
                    "哔哩",
                    "mgtv",
                    "芒果",
                    "xigua",
                    "西瓜",
                    "sohu",
                    "搜狐",
                    "cntv",
                    "cctv",
                    "央视",
                    "1905",
                    "m1905"
                ]
            }
        },
        {
            "name": "AiKu",
            "type": 1,
            "url": "https://jx.zhanlangbu.com/API.php?appkey=53df3aa2fdb66bcbc4d05730b6fbfc71&url=",
            "ext": {
                "flag": [
                    "qq",
                    "腾讯",
                    "qiyi",
                    "iqiyi",
                    "爱奇艺",
                    "奇艺",
                    "youku",
                    "优酷",
                    "mgtv",
                    "芒果",
                    "letv",
                    "乐视",
                    "pptv",
                    "PPTV",
                    "sohu",
                    "bilibili",
                    "哔哩哔哩",
                    "哔哩"
                ]
            }
        },
        {
            "name": "醉仙",
            "type": 0,
            "url": "https://jx.zui.cm/?url=",
            "ext": {
                "flag": [
                    "qq",
                    "腾讯",
                    "qiyi",
                    "iqiyi",
                    "爱奇艺",
                    "奇艺",
                    "youku",
                    "优酷",
                    "mgtv",
                    "芒果",
                    "letv",
                    "乐视",
                    "pptv",
                    "PPTV",
                    "sohu",
                    "bilibili",
                    "哔哩哔哩",
                    "哔哩"
                ]
            }
        },
        {
            "name": "01嗅",
            "type": 0,
            "url": "https://jx.parwix.com:4433/player/?url=",
            "ext": {
                "flag": [
                    "qq",
                    "腾讯",
                    "qiyi",
                    "iqiyi",
                    "爱奇艺",
                    "奇艺",
                    "youku",
                    "优酷",
                    "mgtv",
                    "芒果",
                    "letv",
                    "乐视",
                    "pptv",
                    "PPTV",
                    "sohu",
                    "bilibili",
                    "哔哩哔哩",
                    "哔哩"
                ]
            }
        },
        {
            "name": "02嗅",
            "type": 0,
            "url": "https://vip.parwix.com:4433/player/?url=",
            "ext": {
                "flag": [
                    "qq",
                    "腾讯",
                    "qiyi",
                    "iqiyi",
                    "爱奇艺",
                    "奇艺",
                    "youku",
                    "优酷",
                    "mgtv",
                    "芒果",
                    "letv",
                    "乐视",
                    "pptv",
                    "PPTV",
                    "sohu",
                    "bilibili",
                    "哔哩哔哩",
                    "哔哩"
                ]
            }
        },
        {
            "name": "OKjx综合",
            "type": 0,
            "url": "http://jx.gbxy.net.cn/?url="
        },
        {
            "name": "扶风2",
            "type": 1,
            "url": "https://vip.byteamone.cn/api/?key=bbpSbJMpjxLqcBKzUW&url="
        },
        {
            "name": "全民",
            "type": 0,
            "url": "http://api.wpsseo.cn/?v=",
            "ext": {
                "flag": [
                    "qq",
                    "qiyi",
                    "youku",
                    "pptv",
                    "le",
                    "sohu",
                    "bilibili",
                    "xigua",
                    "1905"
                ]
            }
        },
        {
            "name": "搬运",
            "type": 1,
            "url": "https://jx.bynote.top/API.php?url=",
            "ext": {
                "flag": [
                    "qiyi",
                    "iqiyi",
                    "奇艺",
                    "爱奇艺",
                    "qq",
                    "腾讯",
                    "youku",
                    "优酷",
                    "pptv",
                    "PPTV",
                    "letv",
                    "乐视",
                    "bilibili",
                    "哔哩哔哩",
                    "哔哩",
                    "mgtv",
                    "芒果",
                    "xigua",
                    "西瓜",
                    "sohu",
                    "搜狐",
                    "cntv",
                    "cctv",
                    "央视",
                    "1905",
                    "m1905"
                ]
            }
        },
        {
            "name": "视界",
            "type": 1,
            "url": "http://150.230.216.174/tvjx.php?url=",
            "ext": {
                "flag": [
                    "qiyi",
                    "iqiyi",
                    "奇艺",
                    "爱奇艺",
                    "qq",
                    "腾讯",
                    "youku",
                    "优酷",
                    "pptv",
                    "PPTV",
                    "letv",
                    "乐视",
                    "bilibili",
                    "哔哩哔哩",
                    "哔哩",
                    "mgtv",
                    "芒果",
                    "xigua",
                    "西瓜",
                    "sohu",
                    "搜狐",
                    "cntv",
                    "cctv",
                    "央视",
                    "1905",
                    "m1905"
                ],
                "header": {
                    "User-Agent": "Dart/2.14 (dart:io)"
                }
            }
        },
        {
            "name": "泡沫",
            "type": 1,
            "url": "https://jx.paoomo.com/jiami.php?url=",
            "ext": {
                "flag": [
                    "qiyi",
                    "爱奇艺",
                    "奇艺",
                    "qq",
                    "腾讯",
                    "youku",
                    "优酷",
                    "pptv",
                    "PPTV",
                    "letv",
                    "乐视",
                    "bilibili",
                    "哔哩哔哩",
                    "哔哩",
                    "mgtv",
                    "芒果"
                ]
            }
        },
        {
            "name": "GGTV快速",
            "type": 1,
            "url": "https://play.fuqizhishi.com/gang0818/API.php?appkey=QQ172598364&url="
        },
        {
            "name": "keyu",
            "type": 1,
            "url": "http://newjiexi.gotka.top/keyu3.php?url=",
            "ext": {
                "flag": [
                    "qq",
                    "腾讯",
                    "qiyi",
                    "爱奇艺",
                    "奇艺",
                    "youku",
                    "优酷",
                    "mgtv",
                    "芒果",
                    "letv",
                    "乐视",
                    "pptv",
                    "PPTV",
                    "sohu",
                    "bilibili",
                    "哔哩哔哩",
                    "哔哩"
                ],
                "header": {
                    "User-Agent": "okhttp/4.1.0"
                }
            }
        },
        {
            "name": "1",
            "type": 1,
            "url": "https://svip.znjson.com/api/?key=gX8j9IPvoQ5mFmlIzu&url="
        },
        {
            "name": "2",
            "type": 1,
            "url": "https://hc.izny.cn/json.php?url="
        },
        {
            "name": "3",
            "type": 1,
            "url": "https://cache.json.icu/home/api?type=ys&uid=292796&key=fnoryABDEFJNPQV269&url=",
            "ext": {
                "flag": [
                    "qiyi",
                    "qq",
                    "letv",
                    "sohu",
                    "youku",
                    "mgtv",
                    "bilibili",
                    "wasu",
                    "xigua",
                    "1905"
                ]
            }
        },
        {
            "name": "4",
            "type": 1,
            "url": "https://vip.nxflv.com/home/aphttps://cache.json.icu/home/api?type=ys&uid=292796&key=fnoryABDEFJNPQV269&url=",
            "ext": {
                "flag": [
                    "qq",
                    "qiyi",
                    "mgtv",
                    "youku",
                    "letv",
                    "sohu",
                    "xigua",
                    "1905"
                ],
                "header": {
                    "User-Agent": "Dart/2.14 (dart:io)"
                }
            }
        },
        {
            "name": "5",
            "type": 1,
            "url": "https://json.freejx.in/?url=",
            "ext": {
                "flag": [
                    "qq",
                    "腾讯",
                    "qiyi",
                    "爱奇艺",
                    "奇艺",
                    "youku",
                    "优酷",
                    "mgtv",
                    "芒果",
                    "letv",
                    "乐视",
                    "pptv",
                    "PPTV",
                    "sohu",
                    "bilibili",
                    "哔哩哔哩",
                    "哔哩"
                ]
            }
        },
        {
            "name": "6",
            "type": 0,
            "url": "http://122.114.157.13:2089/rx.php?url="
        },
        {
            "name": "7",
            "type": 1,
            "url": "https://chaloli.cn/home/api?type=ys&uid=1&key=dfgilnotuyDGHMQW34&url="
        },
        {
            "name": "8",
            "type": 1,
            "url": "http://json.youguo520.top/fufeng/?url=",
            "ext": {
                "flag": [
                    "bilibili"
                ],
                "header": {
                    "User-Agent": "Dart/2.14 (dart:io)"
                }
            }
        },
        {
            "name": "9",
            "type": 1,
            "url": "http://newjiexi.gotka.top/keyu3.php?url=",
            "ext": {
                "flag": [
                    "qq",
                    "腾讯",
                    "qiyi",
                    "爱奇艺",
                    "奇艺",
                    "youku",
                    "优酷",
                    "mgtv",
                    "芒果",
                    "letv",
                    "乐视",
                    "pptv",
                    "PPTV",
                    "sohu",
                    "bilibili",
                    "哔哩哔哩",
                    "哔哩"
                ],
                "header": {
                    "User-Agent": "okhttp/4.1.0"
                }
            }
        },
        {
            "name": "10",
            "type": 1,
            "url": "https://svip.rongxingvr.top/api/?key=bpWXKrAJUKm3puOCH4&url="
        },
        {
            "name": "11",
            "type": 1,
            "url": "http://120.233.84.226:5612/tvjx/?url=i?uid=701203&key=bltuyCEFKLTX013679&url=",
            "ext": {
                "flag": [
                    "renrenmi",
                    "qq",
                    "腾讯",
                    "youku",
                    "优酷",
                    "mgtv",
                    "芒果",
                    "xigua",
                    "西瓜"
                ]
            }
        },
        {
            "name": "12",
            "type": 1,
            "url": "https://api.truechat365.com/sigu99/sigy.php?test="
        },
        {
            "name": "13",
            "type": 0,
            "url": "http://150.230.216.174/tvjx.php?url="
        },
        {
            "name": "14",
            "type": 1,
            "url": "http://w.h100.top/jxhx/jx/?url="
        },
        {
            "name": "15",
            "type": 1,
            "url": "https://jx.zui.cm/?url="
        },
        {
            "name": "16",
            "type": 1,
            "url": "https://svip.spchat.top/api/?key=O9HGeIVUqU3REsnmQP&url="
        },
        {
            "name": "17",
            "type": 1,
            "url": "https://v.2080kk.com/home/api?type=ys&uid=1308653&key=behnpstwxBCHJMQ029&url="
        },
        {
            "name": "18",
            "type": 1,
            "url": "http://jx.hlele.vip/api/?url="
        },
        {
            "name": "19",
            "type": 1,
            "url": "https://svip.znjson.com/api/?key=gX8j9IPvoQ5mFmlIzu&url="
        },
        {
            "name": "20",
            "type": 1,
            "url": "http://47.242.89.48/video/xiaoshu.php?action=config&app=analysis2&url="
        },
        {
            "name": "21",
            "type": 1,
            "url": "https://jx.meiju56.com/?url="
        },
        {
            "name": "22",
            "type": 1,
            "url": "https://play.shzpin.com/BYGA/?url="
        },
        {
            "name": "23",
            "type": 1,
            "url": "http://124.222.68.182/jiexi/3kJX.php/?url="
        },
        {
            "name": "24",
            "type": 1,
            "url": "https://hc.izny.cn/json.php?url="
        },
        {
            "name": "25",
            "type": 0,
            "url": "https://okjx.cc/?url="
        },
        {
            "name": "QIM解01",
            "type": 1,
            "url": "https://svip.renrenmi.cc:2222/api/?key=ogGC18CjsACNo60r3E&url=",
            "ext": {
                "flag": [
                    "youku",
                    "优酷",
                    "mgtv",
                    "芒果",
                    "qq",
                    "腾讯",
                    "qiyi",
                    "爱奇艺",
                    "qq",
                    "奇艺"
                ],
                "header": {
                    "User-Agent": "Dart/2.14 (dart:io)"
                }
            }
        },
        {
            "name": "QIM解02",
            "type": 1,
            "url": "http://106.52.218.221:88/?url=",
            "ext": {
                "flag": [
                    "qq",
                    "腾讯",
                    "qiyi",
                    "爱奇艺",
                    "奇艺",
                    "youku",
                    "优酷",
                    "mgtv",
                    "芒果",
                    "letv",
                    "乐视",
                    "pptv",
                    "PPTV",
                    "sohu",
                    "bilibili",
                    "哔哩哔哩",
                    "哔哩"
                ]
            }
        },
        {
            "name": "QIM解03",
            "type": 0,
            "url": "https://www.m3u8.tv.cdn.8old.cn/jx.php?url=",
            "ext": {
                "flag": [
                    "youku",
                    "优酷",
                    "mgtv",
                    "芒果",
                    "qq",
                    "腾讯",
                    "qiyi",
                    "爱奇艺",
                    "qq",
                    "奇艺"
                ]
            }
        },
        {
            "name": "QIM解04",
            "type": 1,
            "url": "http://27.124.4.42:4567/jhjson/ceshi.php?url=",
            "ext": {
                "flag": [
                    "qiyi",
                    "qq",
                    "letv",
                    "sohu",
                    "youku",
                    "mgtv",
                    "bilibili",
                    "wasu",
                    "xigua",
                    "1905"
                ]
            }
        },
        {
            "name": "QIM解05",
            "type": 1,
            "url": "https://vip.nxflv.com/home/api?uid=701203&key=bltuyCEFKLTX013679&url=",
            "ext": {
                "flag": [
                    "youku",
                    "优酷",
                    "mgtv",
                    "芒果",
                    "qq",
                    "腾讯",
                    "qiyi",
                    "爱奇艺",
                    "qq",
                    "奇艺"
                ]
            }
        },
        {
            "name": "QIM解09",
            "type": 0,
            "url": "https://jx.zui.cm/?url=",
            "ext": {
                "flag": [
                    "youku",
                    "优酷",
                    "mgtv",
                    "芒果",
                    "qq",
                    "腾讯",
                    "qiyi",
                    "爱奇艺",
                    "qq",
                    "奇艺"
                ]
            }
        },
        {
            "name": "QIM解10",
            "type": 0,
            "url": "https://www.8090.la/8090/?url=",
            "ext": {
                "flag": [
                    "youku",
                    "优酷",
                    "mgtv",
                    "芒果",
                    "qq",
                    "腾讯",
                    "qiyi",
                    "爱奇艺",
                    "qq",
                    "奇艺"
                ]
            }
        },
        {
            "name": "QIM解11",
            "type": 0,
            "url": "https://jx.m3u8.tv/jiexi/?url=",
            "ext": {
                "flag": [
                    "youku",
                    "优酷",
                    "mgtv",
                    "芒果",
                    "qq",
                    "腾讯",
                    "qiyi",
                    "爱奇艺",
                    "qq",
                    "奇艺"
                ]
            }
        },
        {
            "name": "QIM解12",
            "type": 0,
            "url": "https://jx.bozrc.com:4433/player/?url=",
            "ext": {
                "flag": [
                    "youku",
                    "优酷",
                    "mgtv",
                    "芒果",
                    "qq",
                    "腾讯",
                    "qiyi",
                    "爱奇艺",
                    "qq",
                    "奇艺"
                ]
            }
        },
        {
            "name": "QIM解13",
            "type": 0,
            "url": "https://jx.parwix.com:4433/player/?url=",
            "ext": {
                "flag": [
                    "qq",
                    "腾讯",
                    "qiyi",
                    "爱奇艺",
                    "奇艺",
                    "youku",
                    "优酷",
                    "mgtv",
                    "芒果",
                    "letv",
                    "乐视",
                    "pptv",
                    "PPTV",
                    "sohu",
                    "bilibili",
                    "哔哩哔哩",
                    "哔哩"
                ]
            }
        },
        {
            "name": "QIM解14",
            "type": 0,
            "url": "https://jx.parwix.com:4433/player/analysis.php?v=",
            "ext": {
                "flag": [
                    "qq",
                    "腾讯",
                    "qiyi",
                    "爱奇艺",
                    "奇艺",
                    "youku",
                    "优酷",
                    "mgtv",
                    "芒果",
                    "letv",
                    "乐视",
                    "pptv",
                    "PPTV",
                    "sohu",
                    "bilibili",
                    "哔哩哔哩",
                    "哔哩"
                ]
            }
        },
        {
            "name": "QI解01",
            "type": 1,
            "url": "https://svip.spchat.top/api/?type=ys&key=bKemW41JnxmQb4l67h&url=",
            "ext": {
                "flag": [
                    "youku",
                    "优酷",
                    "mgtv",
                    "芒果",
                    "qq",
                    "腾讯",
                    "qiyi",
                    "爱奇艺",
                    "qq",
                    "奇艺",
                    "rx"
                ]
            }
        },
        {
            "name": "QI解06",
            "type": 1,
            "url": "http://103.40.240.46/jh/?url=",
            "ext": {
                "flag": [
                    "renrenmi",
                    "qq",
                    "腾讯",
                    "youku",
                    "优酷",
                    "mgtv",
                    "芒果",
                    "xigua",
                    "西瓜"
                ]
            }
        },
        {
            "name": "扶风",
            "type": 1,
            "url": "https://vip.byteamone.cn/api/?key=bbpSbJMpjxLqcBKzUW&url="
        },
        {
            "name": "QI解08",
            "type": 1,
            "url": "http://47.98.234.2:7768/api.php?url=",
            "ext": {
                "flag": [
                    "qq",
                    "qiyi",
                    "mgtv",
                    "youku",
                    "letv",
                    "sohu",
                    "xigua",
                    "1905"
                ],
                "header": {
                    "User-Agent": "Dart/2.14 (dart:io)"
                }
            }
        },
        {
            "name": "QI解10",
            "type": 1,
            "url": "https://play.fuqizhishi.com/maotv/API.php?appkey=xiongdimenbieguaiwodingbuzhulegailekey07201538&url="
        },
        {
            "name": "Q解01",
            "type": 1,
            "url": "https://play.fuqizhishi.com/maotv/API.php?appkey=QQ172598364&url=",
            "ext": {
                "flag": [
                    "qq",
                    "qiyi",
                    "mgtv",
                    "youku",
                    "letv",
                    "sohu",
                    "xigua",
                    "1905"
                ],
                "header": {
                    "User-Agent": "Dalvik/2.1.0"
                }
            }
        },
        {
            "name": "Q解02",
            "type": 0,
            "url": "https://chaxun.truechat365.com/?url=",
            "ext": {
                "flag": [
                    "youku",
                    "优酷",
                    "mgtv",
                    "芒果",
                    "qq",
                    "腾讯",
                    "qiyi",
                    "爱奇艺",
                    "qq",
                    "奇艺"
                ]
            }
        },
        {
            "name": "I解01",
            "type": 1,
            "url": " https://jisu.rongxingvr.top/api/?key=rCMmoKD0H0ShJ00u2f&url=",
            "ext": {
                "flag": [
                    "qq",
                    "qiyi",
                    "youku",
                    "pptv",
                    "le",
                    "sohu",
                    "bilibili",
                    "xigua",
                    "1905"
                ]
            }
        },
        {
            "name": "I解02",
            "type": 0,
            "url": "https://jx.blbo.cc:4433/?url=",
            "ext": {
                "flag": [
                    "youku",
                    "优酷",
                    "mgtv",
                    "芒果",
                    "qq",
                    "腾讯",
                    "qiyi",
                    "爱奇艺",
                    "qq",
                    "奇艺"
                ]
            }
        },
        {
            "name": "左岸",
            "type": 1,
            "url": "http://110.42.2.115:880/analysis/json/?uid=2288&my=flmoqszABEIJNQT017&url=",
            "ext": {
                "flag": [
                    "qq",
                    "腾讯",
                    "qiyi",
                    "爱奇艺",
                    "奇艺",
                    "youku",
                    "优酷",
                    "sohu",
                    "搜狐",
                    "letv",
                    "乐视",
                    "mgtv",
                    "芒果",
                    "CL4K",
                    "renrenmi",
                    "ltnb",
                    "bilibili",
                    "1905",
                    "xigua"
                ]
            }
        },
        {
            "name": "随便",
            "type": 1,
            "url": "http://cl.yjhan.com:8090/home/api?type=ys&uid=821518&key=aghlmnyBFIJMPRX489&url="
        },
        {
            "name": "LTRX",
            "type": 1,
            "url": "https://svip.spchat.top/api/?type=ys&key=bKemW41JnxmQb4l67h&url=",
            "ext": {
                "flag": [
                    "rx"
                ]
            }
        },
        {
            "name": "线路NX",
            "type": 1,
            "url": "https://vip.nxflv.com/home/api?uid=701203&key=bltuyCEFKLTX013679&url="
        },
        {
            "name": "乐多",
            "type": 1,
            "url": "https://api.ldjx.cc/wp-api/getvodurl.php?token=1001&vid=",
            "ext": {
                "flag": [
                    "leduo"
                ]
            }
        },
        {
            "name": "北雁手动",
            "type": 0,
            "url": "https://jx.beiyan.cc:4433/?url="
        },
        {
            "name": "阿里云手动",
            "type": 0,
            "url": "https://aliyun.beiyan.cc:4433/player/?url="
        },
        {
            "name": "m3u8手动",
            "type": 0,
            "url": "https://jx.m3u8.tv/jiexi/?url="
        },
        {
            "name": "parwix手动",
            "type": 0,
            "url": "https://jx.bozrc.com:4433/player/?url=",
            "ext": {
                "flag": [
                    "qq",
                    "腾讯",
                    "qiyi",
                    "爱奇艺",
                    "奇艺",
                    "youku",
                    "优酷",
                    "mgtv",
                    "芒果",
                    "letv",
                    "乐视",
                    "pptv",
                    "PPTV",
                    "sohu",
                    "bilibili",
                    "哔哩哔哩",
                    "哔哩"
                ]
            }
        },
        {
            "name": "盘古手动",
            "type": 0,
            "url": "https://www.m3u8.tv.cdn.8old.cn/jx.php?url="
        },
        {
            "name": "M3U8解析手动",
            "type": 0,
            "url": "https://jx.m3u8.pw/?url="
        }
    ],
  "flags": [
    "youku",
    "qq",
    "iqiyi",
    "qiyi",
    "letv",
    "sohu",
    "tudou",
    "pptv",
    "mgtv",
    "wasu"
  ],
  
  "ijk": [
    {
      "group": "软解码",
      "options": [
        {
          "category": 4,
          "name": "opensles",
          "value": "0"
        },
        {
          "category": 4,
          "name": "overlay-format",
          "value": "842225234"
        },
        {
          "category": 4,
          "name": "framedrop",
          "value": "1"
        },
        {
          "category": 4,
          "name": "soundtouch",
          "value": "1"
        },
        {
          "category": 4,
          "name": "start-on-prepared",
          "value": "1"
        },
        {
          "category": 1,
          "name": "http-detect-range-support",
          "value": "0"
        },
        {
          "category": 1,
          "name": "fflags",
          "value": "fastseek"
        },
        {
          "category": 2,
          "name": "skip_loop_filter",
          "value": "48"
        },
        {
          "category": 4,
          "name": "reconnect",
          "value": "1"
        },
        {
          "category": 4,
          "name": "max-buffer-size",
          "value": "5242880"
        },
        {
          "category": 4,
          "name": "enable-accurate-seek",
          "value": "0"
        },
        {
          "category": 4,
          "name": "mediacodec",
          "value": "0"
        },
        {
          "category": 4,
          "name": "mediacodec-auto-rotate",
          "value": "0"
        },
        {
          "category": 4,
          "name": "mediacodec-handle-resolution-change",
          "value": "0"
        },
        {
          "category": 4,
          "name": "mediacodec-hevc",
          "value": "0"
        }
      ]
    },
    {
      "group": "硬解码",
      "options": [
        {
          "category": 4,
          "name": "opensles",
          "value": "0"
        },
        {
          "category": 4,
          "name": "overlay-format",
          "value": "842225234"
        },
        {
          "category": 4,
          "name": "framedrop",
          "value": "1"
        },
        {
          "category": 4,
          "name": "soundtouch",
          "value": "1"
        },
        {
          "category": 4,
          "name": "start-on-prepared",
          "value": "1"
        },
        {
          "category": 1,
          "name": "http-detect-range-support",
          "value": "0"
        },
        {
          "category": 1,
          "name": "fflags",
          "value": "fastseek"
        },
        {
          "category": 2,
          "name": "skip_loop_filter",
          "value": "48"
        },
        {
          "category": 4,
          "name": "reconnect",
          "value": "1"
        },
        {
          "category": 4,
          "name": "max-buffer-size",
          "value": "5242880"
        },
        {
          "category": 4,
          "name": "enable-accurate-seek",
          "value": "0"
        },
        {
          "category": 4,
          "name": "mediacodec",
          "value": "1"
        },
        {
          "category": 4,
          "name": "mediacodec-auto-rotate",
          "value": "1"
        },
        {
          "category": 4,
          "name": "mediacodec-handle-resolution-change",
          "value": "1"
        },
        {
          "category": 4,
          "name": "mediacodec-hevc",
          "value": "1"
        }
      ]
    }
  ],
  "ads": [
    "mimg.0c1q0l.cn",
    "www.googletagmanager.com",
    "www.google-analytics.com",
    "mc.usihnbcq.cn",
    "mg.g1mm3d.cn",
    "mscs.svaeuzh.cn",
    "cnzz.hhttm.top",
    "tp.vinuxhome.com",
    "cnzz.mmstat.com",
    "www.baihuillq.com",
    "s23.cnzz.com",
    "z3.cnzz.com",
    "c.cnzz.com",
    "stj.v1vo.top",
    "z12.cnzz.com",
    "img.mosflower.cn",
    "tips.gamevvip.com",
    "ehwe.yhdtns.com",
    "xdn.cqqc3.com",
    "www.jixunkyy.cn",
    "sp.chemacid.cn",
    "hm.baidu.com",
    "s9.cnzz.com",
    "z6.cnzz.com",
    "um.cavuc.com",
    "mav.mavuz.com",
    "wofwk.aoidf3.com",
    "z5.cnzz.com",
    "xc.hubeijieshikj.cn",
    "tj.tianwenhu.com",
    "xg.gars57.cn",
    "k.jinxiuzhilv.com",
    "cdn.bootcss.com",
    "ppl.xunzhuo123.com",
    "xomk.jiangjunmh.top",
    "img.xunzhuo123.com",
    "z1.cnzz.com",
    "s13.cnzz.com",
    "xg.huataisangao.cn",
    "z7.cnzz.com",
    "xg.huataisangao.cn",
    "z2.cnzz.com",
    "s96.cnzz.com",
    "q11.cnzz.com",
    "thy.dacedsfa.cn",
    "xg.whsbpw.cn",
    "s19.cnzz.com",
    "z8.cnzz.com",
    "s4.cnzz.com",
    "f5w.as12df.top",
    "ae01.alicdn.com",
    "www.92424.cn",
    "k.wudejia.com",
    "vivovip.mmszxc.top",
    "qiu.xixiqiu.com",
    "cdnjs.hnfenxun.com",
    "cms.qdwght.com"
  ]
}