{"name": "AH视频",
"url": "https://www.sstv.pw",
"ua": "Mozilla/5.0 (Linux; Android 9; Mi Note 3 Build/PKQ1.181007.001;) AppleWebKit/537.36 (KHTML, like Gecko) Version/4.0 Chrome/80.0.3987.132 Mobile Safari/537.36",
"User": "",
"直接播放": "0",
"列表显示": "0",
"横图显示": "0",
"免嗅": "1",
"嗅探词": ".mp4#.mp4?#.m3u8",
"过滤词": "larkl",
"fenlei": "电影$/vodshow-1/page/#剧集$/vodshow-2/page/#动漫$/vodshow-4/page/#综艺$/vodshow-3/page/#记录$/vodshow-21/page/",
"houzhui": "/",
"qishiye": "1",
"shifouercijiequ": "0",
"jiequqian": "ul",
"jiequhou": "id=\"page",
"jiequshuzuqian": "class=\"list-width",
"jiequshuzuhou": "</a>",
"tupianqian": "original=\" ",
"tupianhou": "\"",
"tupianqianzhui": "空",
"biaotiqian": "title=\"",
"biaotihou": "\"",
"fubiaotiqian": "class=\"list-remarks hidden\">",
"fubiaotihou": "</span>",
"lianjieqian": "href=\"",
"lianjiehou": "\"",
"ljqianzhui": "",
"ljhouzhui": "空",
"搜索请求方式": "0",
"ssmoshi": "1",
"sousuoqian": "/so/?wd=",
"sousuohou": "",
"sousuohouzhui": "/index.php/vod/play/id/",
"jspic": "pic",
"jsname": "name",
"jsid": "id",
"sousuoshifouercijiequ": "0",
"ssjiequqian": "空",
"ssjiequhou": "空",
"ssjiequshuzuqian": "<div class=\"top cf\">",
"ssjiequshuzuhou": "</h2>",
"sstupianqian": "original=\"",
"sstupianhou": "\"",
"sstupianqianzhui": "空",
"ssbiaotiqian": ">",
"ssbiaotihou": "</a>",
"ssfubiaotiqian": "",
"ssfubiaotihou": "",
"sslianjieqian": "href=\"",
"sslianjiehou": "\"",
"ssljqianzhui": "空",
"ssljhouzhui": "空",
"是否启用播放线路名": "1",
"线路名是否二次截取": "0",
"线路名截取前": "<ul class=\"nav",
"线路名截取后": "</ul>",
"线路名截取数组前": "data-from=",
"线路名截取数组后": "<em>",
"线路名标题前": "\"",
"线路名标题后": "\">",
"bfshifouercijiequ": "0",
"bfjiequqian": "",
"bfjiequhou": "",
"bfjiequshuzuqian": "class='content-playlist",
"bfjiequshuzuhou": "</ul>",
"zhuangtaiqian": "集数：",
"zhuangtaihou": "</div>",
"daoyanqian": "<p><span>导演：",
"daoyanhou": "</span>",
"zhuyanqian": "<meta name=\"keywords\" content=\"",
"zhuyanhou": "\" />",
"juqingqian": "简介：",
"juqinghou": "</div>",
"bfyshifouercijiequ": "0",
"bfyjiequqian": "空",
"bfyjiequhou": "空",
"bfyjiequshuzuqian": "<li",
"bfyjiequshuzuhou": "</li>",
"bfbiaotiqian": ">",
"bfbiaotihou": "</a>",
"bflianjieqian": "href=\"",
"bflianjiehou": "\"",
"bfqianzhui": "空",
"bfhouzhui": "空",
"bfjiexi": "空"}