{
  "author":"张弘20220731",
  "name": "达达龟〔时间排序〕",
  "url": "http://www.dadagui.me",
  //"url": "http://www.dadagui.com",
  "tihuan": "cnzz.com",
  "User": "空",
  "shouye": "1",
  "shifouercijiequ": "0",
  "jiequqian": "空",
  "jiequhou": "空",
  "jiequshuzuqian": "class=\"stui-vodlist__box",
  "jiequshuzuhou": "</li>",
  "tupianqian": "data-original=\"",
  "tupianhou": "\"",
  "biaotiqian": "title=\"",
  "biaotihou": "\"",
  "lianjieqian": "href=\"",
  "lianjiehou": "\"",
  "sousuoqian": "/vodsearch/-------------.html?wd=",
  "sousuohou": "&limit=500",
  "sousuohouzhui": "/voddetail/",
  "ssmoshi": "1",
  "sousuoshifouercijiequ": "0",
  "jspic": "空",
  "jsname": "空",
  "jsid": "空",
  "ssjiequqian": "空",
  "ssjiequhou": "空",
  "ssjiequshuzuqian": "class=\"thumb",
  "ssjiequshuzuhou": "</li>",
  "sstupianqian": "data-original=\"",
  "sstupianhou": "\"",
  "ssbiaotiqian": "title=\"",
  "ssbiaotihou": "\"",
  "sslianjieqian": "href=\"",
  "sslianjiehou": "\"",
"xljiequshuzuqian":"class=\"stui-vodlist__head",
"xljiequshuzuhou":"</div>",
"xlbiaotiqian":"<h3>",
"xlbiaotihou":"</h3>",
  "bfshifouercijiequ": "0",
  "bfjiequqian": "空",
  "bfjiequhou": "空",
  "bfjiequshuzuqian": "class=\"stui-content__playlist clearfix",
  "bfjiequshuzuhou": "</ul>",
  "zhuangtaiqian": "class=\"pic-text text-right\">",
  "zhuangtaihou": "</span>",
  "daoyanqian": "导演：",
  "daoyanhou": "</p>",
  "zhuyanqian": "主演：",
  "zhuyanhou": "</p>",
  "juqingqian": "style=\"display: none;\">",
  "juqinghou": "</span>",
  "bfyshifouercijiequ": "0",
  "bfyjiequqian": "空",
  "bfyjiequhou": "空",
  "bfyjiequshuzuqian": "<li",
  "bfyjiequshuzuhou": "</li>",
  "bfbiaotiqian": "\">",
  "bfbiaotihou": "</a>",
  "bflianjieqian": "href=\"",
  "bflianjiehou": "\">",
"免嗅":"1",
"副标题":"<span class=\"pic-text text-right\">&&</span>",
"分类url":"https://www.dadagui.me/vodshow/{cateId}-{area}-{by}--{lang}----{catePg}---{year}.html",
"年份":"2000-2022","筛选":"1"
}
