{
  "作者": "菜妮丝https://cainisi.cf",
  "站名": "凌云影视",
  "主页url": "https://www.lingyun.in",
  
  "分类": "电影&剧集&综艺&动漫",
  "分类值": "movie&tv&variety&cartoon",
  
  "分类url": "https://www.lingyun.in/list/{cateId}-{area}-{by}-{class}-----{catePg}---{year}.html",
  
  "图片": "data-src=\"&&\"",
  "副标题": "icon-play\"></i>&&</span>",
  
  "搜索模式": "1",
  "搜索url": "/search/wd/{wd}/page/{pg}.html",
  "搜索数组": "<dl>&&</dl>",
  "搜索图片": "data-src=\"&&\"",
  "搜索标题": "alt=\"&&\"",
  "搜索链接": "href=\"&&\"",
  "搜索副标题": "ss1\">&&</span>",
  
  "影片年代": "year\">&&</span>",
  "影片地区": "地区：&&</div>",
  "影片类型": "类型：&&</div>",
  "导演": "导演：&&</div>",
  "主演": "主演：&&</div>",
  "简介": "sqjj_a\" style=\"display: none;\">&&<span",
  
  "线路数组": "<li class=\"\"&&</li>[替换:(>>👉#)>>集♥]",
  "线路标题": ">&&</small>",
  
  "播放数组": "player ckp\">&&</ul>",
  
  "筛选":{
"movie":[
  {"key":"class","name":"剧情","value":[
  {"n":"全部","v":""},
  {"n":"剧情","v":"剧情"},
  {"n":"科幻","v":"科幻"},
  {"n":"动作","v":"动作"},
  {"n":"喜剧","v":"喜剧"},
  {"n":"爱情","v":"爱情"},
  {"n":"冒险","v":"冒险"},
  {"n":"儿童","v":"儿童"},
  {"n":"歌舞","v":"歌舞"},
  {"n":"音乐","v":"音乐"},
  {"n":"奇幻","v":"奇幻"},
  {"n":"动画","v":"动画"},
  {"n":"恐怖","v":"恐怖"},
  {"n":"惊悚","v":"惊悚"},
  {"n":"丧尸","v":"丧尸"},
  {"n":"战争","v":"战争"},
  {"n":"传记","v":"传记"},
  {"n":"纪录","v":"纪录"},
  {"n":"犯罪","v":"犯罪"},
  {"n":"悬疑","v":"悬疑"},
  {"n":"西部","v":"西部"},
  {"n":"灾难","v":"灾难"},
  {"n":"古装","v":"古装"},
  {"n":"武侠","v":"武侠"},
  {"n":"家庭","v":"家庭"},
  {"n":"短片","v":"短片"},
  {"n":"校园","v":"校园"},
  {"n":"文艺","v":"文艺"},
  {"n":"运动","v":"运动"},
  {"n":"青春","v":"青春"},
  {"n":"同性","v":"同性"},
  {"n":"励志","v":"励志"},
  {"n":"人性","v":"人性"},
  {"n":"美食","v":"美食"},
  {"n":"女性","v":"女性"},
  {"n":"治愈","v":"治愈"},
  {"n":"历史","v":"历史"},
  {"n":"真人秀","v":"真人秀"},
  {"n":"脱口秀","v":"脱口秀"}]},
  
  {"key":"area","name":"地区","value":[
  {"n":"全部","v":""},
  {"n":"大陆","v":"大陆"},
  {"n":"香港","v":"香港"},
  {"n":"台湾","v":"台湾"},
  {"n":"美国","v":"美国"},
  {"n":"日本","v":"日本"},
  {"n":"韩国","v":"韩国"},
  {"n":"英国","v":"英国"},
  {"n":"法国","v":"法国"},
  {"n":"德国","v":"德国"},
  {"n":"印度","v":"印度"},
  {"n":"泰国","v":"泰国"},
  {"n":"丹麦","v":"丹麦"},
  {"n":"瑞典","v":"瑞典"},
  {"n":"巴西","v":"巴西"},
  {"n":"加拿大","v":"加拿大"},
  {"n":"俄罗斯","v":"俄罗斯"},
  {"n":"意大利","v":"意大利"},
  {"n":"比利时","v":"比利时"},
  {"n":"爱尔兰","v":"爱尔兰"},
  {"n":"西班牙","v":"西班牙"},
  {"n":"澳大利亚","v":"澳大利亚"}]},
  
  {"key":"year","name":"年份","value":[
  {"n":"全部","v":""},
  {"n":"2022","v":"2022"},
  {"n":"2021","v":"2021"},
  {"n":"2020","v":"2020"},
  {"n":"2019","v":"2019"},
  {"n":"2018","v":"2018"},
  {"n":"2017","v":"2017"},
  {"n":"2016","v":"2016"},
  {"n":"2015","v":"2015"},
  {"n":"2014","v":"2014"},
  {"n":"2013","v":"2013"},
  {"n":"2012","v":"2012"},
  {"n":"2011","v":"2011"},
  {"n":"2010","v":"2010"},
  {"n":"00年代","v":"20002009"},
  {"n":"90年代","v":"19901999"},
  {"n":"80年代","v":"19801989"},
  {"n":"更早","v":"18001979"}]},
  
  {"key":"by","name":"排序","value":[
  {"n":"时间","v":"time"},
  {"n":"人气","v":"hits"},
  {"n":"评分","v":"score"}]}],
  
"tv":[
  {"key":"class","name":"剧情","value":[
  {"n":"全部","v":""},
  {"n":"剧情","v":"剧情"},
  {"n":"喜剧","v":"喜剧"},
  {"n":"动作","v":"动作"},
  {"n":"爱情","v":"爱情"},
  {"n":"科幻","v":"科幻"},
  {"n":"动画","v":"动画"},
  {"n":"悬疑","v":"悬疑"},
  {"n":"惊悚","v":"惊悚"},
  {"n":"恐怖","v":"恐怖"},
  {"n":"犯罪","v":"犯罪"},
  {"n":"同性","v":"同性"},
  {"n":"音乐","v":"音乐"},
  {"n":"歌舞","v":"歌舞"},
  {"n":"传记","v":"传记"},
  {"n":"历史","v":"历史"},
  {"n":"战争","v":"战争"},
  {"n":"西部","v":"西部"},
  {"n":"奇幻","v":"奇幻"},
  {"n":"冒险","v":"冒险"},
  {"n":"灾难","v":"灾难"},
  {"n":"武侠","v":"武侠"},
  {"n":"文艺","v":"文艺"}]},
  
  {"key":"area","name":"地区","value":[
  {"n":"全部","v":""},
  {"n":"大陆","v":"大陆"},
  {"n":"香港","v":"香港"},
  {"n":"台湾","v":"台湾"},
  {"n":"美国","v":"美国"},
  {"n":"日本","v":"日本"},
  {"n":"韩国","v":"韩国"},
  {"n":"英国","v":"英国"},
  {"n":"法国","v":"法国"},
  {"n":"德国","v":"德国"},
  {"n":"印度","v":"印度"},
  {"n":"泰国","v":"泰国"},
  {"n":"丹麦","v":"丹麦"},
  {"n":"瑞典","v":"瑞典"},
  {"n":"巴西","v":"巴西"},
  {"n":"加拿大","v":"加拿大"},
  {"n":"俄罗斯","v":"俄罗斯"},
  {"n":"意大利","v":"意大利"},
  {"n":"比利时","v":"比利时"},
  {"n":"爱尔兰","v":"爱尔兰"},
  {"n":"西班牙","v":"西班牙"},
  {"n":"澳大利亚","v":"澳大利亚"}]},
  
  {"key":"year","name":"年份","value":[
  {"n":"全部","v":""},
  {"n":"2022","v":"2022"},
  {"n":"2021","v":"2021"},
  {"n":"2020","v":"2020"},
  {"n":"2019","v":"2019"},
  {"n":"2018","v":"2018"},
  {"n":"2017","v":"2017"},
  {"n":"2016","v":"2016"},
  {"n":"2015","v":"2015"},
  {"n":"2014","v":"2014"},
  {"n":"2013","v":"2013"},
  {"n":"2012","v":"2012"},
  {"n":"2011","v":"2011"},
  {"n":"2010","v":"2010"},
  {"n":"00年代","v":"20002009"},
  {"n":"90年代","v":"19901999"},
  {"n":"80年代","v":"19801989"},
  {"n":"更早","v":"18001979"}]},
  
  {"key":"by","name":"排序","value":[
  {"n":"时间","v":"time"},
  {"n":"人气","v":"hits"},
  {"n":"评分","v":"score"}]}],
  
"variety":[
  {"key":"class","name":"剧情","value":[
  {"n":"全部","v":""},
  {"n":"选秀","v":"选秀"},
  {"n":"情感","v":"情感"},
  {"n":"访谈","v":"访谈"},
  {"n":"播报","v":"播报"},
  {"n":"旅游","v":"旅游"},
  {"n":"音乐","v":"音乐"},
  {"n":"美食","v":"美食"},
  {"n":"纪实","v":"纪实"},
  {"n":"曲艺","v":"曲艺"},
  {"n":"生活","v":"生活"},
  {"n":"游戏","v":"游戏"},
  {"n":"财经","v":"财经"},
  {"n":"职场","v":"职场"}]},
  
  {"key":"area","name":"地区","value":[
  {"n":"全部","v":""},
  {"n":"内地","v":"内地"},
  {"n":"港台","v":"港台"},
  {"n":"日韩","v":"日韩"},
  {"n":"欧美","v":"欧美"}]},
  
  {"key":"year","name":"年份","value":[
  {"n":"全部","v":""},
  {"n":"2022","v":"2022"},
  {"n":"2021","v":"2021"},
  {"n":"2020","v":"2020"},
  {"n":"2019","v":"2019"},
  {"n":"2018","v":"2018"},
  {"n":"2017","v":"2017"},
  {"n":"2016","v":"2016"},
  {"n":"2015","v":"2015"},
  {"n":"2014","v":"2014"},
  {"n":"2013","v":"2013"},
  {"n":"2012","v":"2012"},
  {"n":"2011","v":"2011"},
  {"n":"2010","v":"2010"},
  {"n":"00年代","v":"20002009"},
  {"n":"90年代","v":"19901999"},
  {"n":"80年代","v":"19801989"},
  {"n":"更早","v":"18001979"}]},
  
  {"key":"by","name":"排序","value":[
  {"n":"时间","v":"time"},
  {"n":"人气","v":"hits"},
  {"n":"评分","v":"score"}]}],
  
"cartoon":[
  {"key":"class","name":"剧情","value":[
  {"n":"全部","v":""},
  {"n":"剧情","v":"剧情"},
  {"n":"萌系","v":"萌系"},
  {"n":"科幻","v":"科幻"},
  {"n":"日常","v":"日常"},
  {"n":"战斗","v":"战斗"},
  {"n":"战争","v":"战争"},
  {"n":"热血","v":"热血"},
  {"n":"机战","v":"机战"},
  {"n":"游戏","v":"游戏"},
  {"n":"搞笑","v":"搞笑"},
  {"n":"恋爱","v":"恋爱"},
  {"n":"后宫","v":"后宫"},
  {"n":"百合","v":"百合"},
  {"n":"基腐","v":"基腐"},
  {"n":"冒险","v":"冒险"},
  {"n":"儿童","v":"儿童"},
  {"n":"歌舞","v":"歌舞"},
  {"n":"音乐","v":"音乐"},
  {"n":"奇幻","v":"奇幻"},
  {"n":"恐怖","v":"恐怖"},
  {"n":"惊悚","v":"惊悚"},
  {"n":"犯罪","v":"犯罪"},
  {"n":"悬疑","v":"悬疑"},
  {"n":"西部","v":"西部"},
  {"n":"灾难","v":"灾难"},
  {"n":"古装","v":"古装"},
  {"n":"武侠","v":"武侠"},
  {"n":"泡面","v":"泡面"},
  {"n":"校园","v":"校园"},
  {"n":"运动","v":"运动"},
  {"n":"体育","v":"体育"},
  {"n":"青春","v":"青春"},
  {"n":"美食","v":"美食"},
  {"n":"治愈","v":"治愈"},
  {"n":"致郁","v":"致郁"},
  {"n":"励志","v":"励志"},
  {"n":"历史","v":"历史"},
  {"n":"其他","v":"其他"}]},
  
  {"key":"area","name":"地区","value":[
  {"n":"全部","v":""},
  {"n":"大陆","v":"大陆"},
  {"n":"香港","v":"香港"},
  {"n":"台湾","v":"台湾"},
  {"n":"美国","v":"美国"},
  {"n":"日本","v":"日本"},
  {"n":"韩国","v":"韩国"},
  {"n":"英国","v":"英国"},
  {"n":"法国","v":"法国"},
  {"n":"德国","v":"德国"},
  {"n":"印度","v":"印度"},
  {"n":"泰国","v":"泰国"},
  {"n":"丹麦","v":"丹麦"},
  {"n":"瑞典","v":"瑞典"},
  {"n":"巴西","v":"巴西"},
  {"n":"加拿大","v":"加拿大"},
  {"n":"俄罗斯","v":"俄罗斯"},
  {"n":"意大利","v":"意大利"},
  {"n":"比利时","v":"比利时"},
  {"n":"爱尔兰","v":"爱尔兰"},
  {"n":"西班牙","v":"西班牙"},
  {"n":"澳大利亚","v":"澳大利亚"}]},
  
  {"key":"year","name":"年份","value":[
  {"n":"全部","v":""},
  {"n":"2022","v":"2022"},
  {"n":"2021","v":"2021"},
  {"n":"2020","v":"2020"},
  {"n":"2019","v":"2019"},
  {"n":"2018","v":"2018"},
  {"n":"2017","v":"2017"},
  {"n":"2016","v":"2016"},
  {"n":"2015","v":"2015"},
  {"n":"2014","v":"2014"},
  {"n":"2013","v":"2013"},
  {"n":"2012","v":"2012"},
  {"n":"2011","v":"2011"},
  {"n":"2010","v":"2010"},
  {"n":"00年代","v":"20002009"},
  {"n":"90年代","v":"19901999"},
  {"n":"80年代","v":"19801989"},
  {"n":"更早","v":"18001979"}]},
  
  {"key":"by","name":"排序","value":[
  {"n":"时间","v":"time"},
  {"n":"人气","v":"hits"},
  {"n":"评分","v":"score"}]}]}
}