{
  "作者": "菜妮丝https://cainisi.cf",
  "站名": "视觉影院",
  "主页url": "https://www.shijueyy.com",
  
  "分类": "电影&连续剧&综艺&动漫",
  "分类值": "1&2&3&4",
  
  "分类url": "https://www.shijueyy.com/v_type/{cateId}-{catePg}.html",
  
  "副标题": "remarks\">&&</span>",
  
  "搜索模式": "0",
  "搜索后缀": "/v_detail/",
  
  "影片年代": "年份：&&</li>",
  "影片地区": "地区：&&</li>",
  "影片类型": "类型：&&</li>",
  "导演": "导演：&&</li>",
  "主演": "主演：&&</li>",
  "简介": "简介：&&</li>",
  
  "线路数组": "tabs-swiper\">&&</a>",
  "线路标题": "alt=\"&&\"",
  
  "播放数组": "hl-list-wrap\">&&</ul>"
}