{
"作者":"张弘",
"站名":"COKEMV",
"主页url":"https://cokemv.me/",
"热门推荐":"",
"二次截取":"class=\"module-items&&class=\"fixedGroup",
"数组":"<a&&alt=\"",
"图片":"data-original=\"&&\"",
"标题":"title=\"&&\"",
"链接":"href=\"&&\"",
"副标题":"class=\"module-item-note\">&&</div>",
"搜索url":"https://cokemv.me/{wd}----------{pg}---.html",
"搜索模式":"1",
"搜索数组":"<li>&&</li>",
"搜索图片":"data-original=\"&&\"",
"搜索标题":"title=\"&&\"",
"搜索链接":"href=\"&&\"",
"搜索后缀":"/index.php/vod/detail/id/",
"线路数组":"class=\"module-tab-item tab-item&&</div>",
"线路标题":"<span>&&</span>",
"播放数组":"class=\"module-play-list&&</div>",
"状态":"更新：</span>&&</p>",
"导演":"导演：</span>&&</div>",
"主演":"主演：</span>&&</div>",
"简介":"<p>&&</p>",
"播放列表":"<a&&/a>",
"播放标题":"span>&&<",
"播放链接":"href=\"&&\"",
"免嗅":"1",
"分类":"电影$1#电视剧$2#动漫$3#综艺$29",
"类型":"1--爱情片$6#喜剧片$7#动作片$8#科幻片$9#冒险片$30#恐怖片$10#惊悚片$11#犯罪片$12#武侠片$31#动漫片$33#悬疑片$20#剧情片$21#奇幻片$22#战争片$23||2--大陆剧$13#韩国剧$14#日本剧$15#香港剧$16#欧美剧$32#台湾剧$24#泰国剧$25#记录片$26||3--国产动漫$27#日本动漫$28",
"分类url":"https://cokemv.me/vodshow/{cateId}-{area}-{by}-{class}-{lang}-{letter}---{catePg}---{year}.html",
"筛选":"1"
}


