{
"站名": "乐猪影视",
"主页url": "http://www.lezhutv.com",
"倒序播放": "1",
"数组": "class=\"vbox\"&&</a>",
"图片": "data-original=\"&&\"",
"标题": "title=\"&&\"",
"链接": "href=\"&&\"",
"副标题": "<span>&&</span>",
"播放数组": "class=\"list_block show\"&&</ul>",
"状态": "class=\"yac\">&&</p>",
"导演": "导演：&&</p>",
"主演": "主演：&&</p>",
"简介": "class=\"tbox_js\">&&</div>",
"播放列表": "<li>&&</li>",
"播放标题": "\">&&</a>",
"播放链接": "href=\"&&\"",
"搜索url": "http://www.lezhutv.com/index.php?m=vod-search&wd={wd}",
"搜索模式": "1",
"搜索链接前缀":"http://www.lezhutv.com",
"搜索链接后缀":"",
"分类":"电影$1#连续剧$2#综艺$3#动漫$4#韩剧$14#美剧$15#其他$16",
"分类url":"http://www.lezhutv.com/list/{cateId}_{catePg}_desc_time_0_0___.html",
"剧情":"0",
"地区":"0",
"年份":"0",
"排序":"1",
"筛选":"1"
}