{
"作者":"张弘",
"副标题":"pic-text text-right\">&&</span",
"导演":"导演：&&</p",
"主演":"主演：&&</p",
"简介":"简介：&&</p>",
"线路数组":"href=\"#play_&&/a>",
"线路标题":">&&<",
"播放数组":"class=\"stui-content__playlist&&</div>",
"播放标题":"_self\">&&<",
"播放链接":"href='&&'",
"分类":"电视剧$2#动漫$3#电影$1#综艺$4#全网资源$5",
"分类url":"http://6d.ftixkrv.cn/whole/{cateId}_{area}_{class}__{year}___0_{by}_{catePg}.html",
"搜索url":"http://6d.wpwpzm.cn/?c=search&wd={wd}",
"搜索模式":"1",
"搜索二次截取":"",
"搜索数组":"lazyload\"&&<span",
"搜索图片":"data-original=\"&&\"",
"搜索标题":"title=\"&&\"",
"搜索链接":"href=\"&&\"",
"免嗅":"0",
"嗅探词":".m3u8#.mp4#.flv#.m4a#.avi#.mkv#.mov#.3gp#.asf#.rm#.rmvb#.wmv#.mpg#.mpeg#.mpe#.ts#.vob#.mp3#.wma",
"过滤词":"=http#.jpg#.png#.ico#.gif#.js",
"筛选":{
"1":[
{
"name":"类型",
"key":"class",
"value":[
{"n":"全部","v":""},
{"n":"警匪片","v":"警匪片"},
{"n":"恐怖片","v":"恐怖片"},
{"n":"惊悚片","v":"惊悚片"},
{"n":"悬疑片","v":"悬疑片"},
{"n":"科幻片","v":"科幻片"},
{"n":"战争片","v":"战争片"},
{"n":"动作片","v":"动作片"},
{"n":"喜剧片","v":"喜剧片"},
{"n":"爱情片","v":"爱情片"},
{"n":"微电影","v":"微电影"},
{"n":"纪录片","v":"纪录片"},
{"n":"剧情片","v":"剧情片"},
{"n":"其他片","v":"其他片"}
]
},
{
"name":"地区",
"key":"area",
"value":[
{"n":"全部","v":""},
{"n":"大陆","v":"大陆"},
{"n":"美国","v":"美国"},
{"n":"日本","v":"日本"},
{"n":"韩国","v":"韩国"},
{"n":"其他","v":"其他"}
]
},
{
"name":"年份",
"key":"year",
"value":[
{"n":"全部","v":""},
{"n":"2022","v":"2022"},
{"n":"2021","v":"2021"},
{"n":"2020","v":"2020"},
{"n":"2019","v":"2019"},
{"n":"2018","v":"2018"},
{"n":"2017","v":"2017"},
{"n":"2016","v":"2016"},
{"n":"2015","v":"2015"},
{"n":"2014","v":"2014"},
{"n":"2013","v":"2013"},
{"n":"2012","v":"2012"},
{"n":"2011","v":"2011"},
{"n":"2010","v":"2010"},
{"n":"2009","v":"2009"},
{"n":"2008","v":"2008"},
{"n":"更早","v":"更早"}
]
},

{
"name":"排序",
"key":"by",
"value":[
{"n":"全部","v":"addtime"},
{"n":"时间","v":"id"},
{"n":"人气","v":"hits"}
]
}
],
"2":[
{
"name":"类型",
"key":"class",
"value":[
{"n":"全部","v":""},
{"n":"国产剧","v":"国产剧"},
{"n":"日韩剧","v":"日韩剧"},
{"n":"欧美剧","v":"欧美剧"},
{"n":"海外剧","v":"海外剧"}
]
},
{
"name":"地区",
"key":"area",
"value":[
{"n":"全部","v":""},
{"n":"大陆","v":"大陆"},
{"n":"美国","v":"美国"},
{"n":"日本","v":"日本"},
{"n":"韩国","v":"韩国"},
{"n":"其他","v":"其他"}
]
},
{
"name":"年份",
"key":"year",
"value":[
{"n":"全部","v":""},
{"n":"2022","v":"2022"},
{"n":"2021","v":"2021"},
{"n":"2020","v":"2020"},
{"n":"2019","v":"2019"},
{"n":"2018","v":"2018"},
{"n":"2017","v":"2017"},
{"n":"2016","v":"2016"},
{"n":"2015","v":"2015"},
{"n":"2014","v":"2014"},
{"n":"2013","v":"2013"},
{"n":"2012","v":"2012"},
{"n":"2011","v":"2011"},
{"n":"2010","v":"2010"},
{"n":"2009","v":"2009"},
{"n":"2008","v":"2008"},
{"n":"更早","v":"更早"}
]
},

{
"name":"排序",
"key":"by",
"value":[
{"n":"全部","v":"addtime"},
{"n":"时间","v":"id"},
{"n":"人气","v":"hits"}
]
}
],
"3":[
{
"name":"类型",
"key":"class",
"value":[
{"n":"全部","v":""},
{"n":"国产动漫","v":"国产动漫"},
{"n":"日韩动漫","v":"日韩动漫"},
{"n":"欧美动漫","v":"欧美动漫"},
{"n":"动画片","v":"动画片"},
{"n":"动漫片","v":"动漫片"}
]
},
{
"name":"地区",
"key":"area",
"value":[
{"n":"全部","v":""},
{"n":"大陆","v":"大陆"},
{"n":"美国","v":"美国"},
{"n":"日本","v":"日本"},
{"n":"韩国","v":"韩国"},
{"n":"其他","v":"其他"}
]
},
{
"name":"年份",
"key":"year",
"value":[
{"n":"全部","v":""},
{"n":"2022","v":"2022"},
{"n":"2021","v":"2021"},
{"n":"2020","v":"2020"},
{"n":"2019","v":"2019"},
{"n":"2018","v":"2018"},
{"n":"2017","v":"2017"},
{"n":"2016","v":"2016"},
{"n":"2015","v":"2015"},
{"n":"2014","v":"2014"},
{"n":"2013","v":"2013"},
{"n":"2012","v":"2012"},
{"n":"2011","v":"2011"},
{"n":"2010","v":"2010"},
{"n":"2009","v":"2009"},
{"n":"2008","v":"2008"},
{"n":"更早","v":"更早"}
]
},

{
"name":"排序",
"key":"by",
"value":[
{"n":"全部","v":"addtime"},
{"n":"时间","v":"id"},
{"n":"人气","v":"hits"}
]
}
],
"4":[
{
"name":"类型",
"key":"class",
"value":[
{"n":"全部","v":""},
{"n":"大陆综艺","v":"大陆综艺"},
{"n":"日韩综艺","v":"日韩综艺"},
{"n":"欧美综艺","v":"欧美综艺"},
{"n":"海外综艺","v":"海外综艺"}
]
},
{
"name":"地区",
"key":"area",
"value":[
{"n":"全部","v":""},
{"n":"大陆","v":"大陆"},
{"n":"美国","v":"美国"},
{"n":"日本","v":"日本"},
{"n":"韩国","v":"韩国"},
{"n":"其他","v":"其他"}
]
},
{
"name":"年份",
"key":"year",
"value":[
{"n":"全部","v":""},
{"n":"2022","v":"2022"},
{"n":"2021","v":"2021"},
{"n":"2020","v":"2020"},
{"n":"2019","v":"2019"},
{"n":"2018","v":"2018"},
{"n":"2017","v":"2017"},
{"n":"2016","v":"2016"},
{"n":"2015","v":"2015"},
{"n":"2014","v":"2014"},
{"n":"2013","v":"2013"},
{"n":"2012","v":"2012"},
{"n":"2011","v":"2011"},
{"n":"2010","v":"2010"},
{"n":"2009","v":"2009"},
{"n":"2008","v":"2008"},
{"n":"更早","v":"更早"}
]
},

{
"name":"排序",
"key":"by",
"value":[
{"n":"全部","v":"addtime"},
{"n":"时间","v":"id"},
{"n":"人气","v":"hits"}
]
}
],
"5":[
{
"name":"类型",
"key":"class",
"value":[
{"n":"全部","v":""},
{"n":"国产剧","v":"国产剧"},
{"n":"日韩剧","v":"日韩剧"},
{"n":"欧美剧","v":"欧美剧"},
{"n":"海外剧","v":"海外剧"},
{"n":"警匪片","v":"警匪片"},
{"n":"恐怖片","v":"恐怖片"},
{"n":"惊悚片","v":"惊悚片"},
{"n":"悬疑片","v":"悬疑片"},
{"n":"科幻片","v":"科幻片"},
{"n":"战争片","v":"战争片"},
{"n":"动作片","v":"动作片"},
{"n":"喜剧片","v":"喜剧片"},
{"n":"爱情片","v":"爱情片"},
{"n":"微电影","v":"微电影"},
{"n":"纪录片","v":"纪录片"},
{"n":"剧情片","v":"剧情片"},
{"n":"其他片","v":"其他片"},
{"n":"国产动漫","v":"国产动漫"},
{"n":"日韩动漫","v":"日韩动漫"},
{"n":"欧美动漫","v":"欧美动漫"},
{"n":"动画片","v":"动画片"},
{"n":"动漫片","v":"动漫片"},
{"n":"大陆综艺","v":"大陆综艺"},
{"n":"日韩综艺","v":"日韩综艺"},
{"n":"欧美综艺","v":"欧美综艺"},
{"n":"海外综艺","v":"海外综艺"}
]
},
{
"name":"地区",
"key":"area",
"value":[
{"n":"全部","v":""},
{"n":"大陆","v":"大陆"},
{"n":"美国","v":"美国"},
{"n":"日本","v":"日本"},
{"n":"韩国","v":"韩国"},
{"n":"其他","v":"其他"}
]
},
{
"name":"年份",
"key":"year",
"value":[
{"n":"全部","v":""},
{"n":"2022","v":"2022"},
{"n":"2021","v":"2021"},
{"n":"2020","v":"2020"},
{"n":"2019","v":"2019"},
{"n":"2018","v":"2018"},
{"n":"2017","v":"2017"},
{"n":"2016","v":"2016"},
{"n":"2015","v":"2015"},
{"n":"2014","v":"2014"},
{"n":"2013","v":"2013"},
{"n":"2012","v":"2012"},
{"n":"2011","v":"2011"},
{"n":"2010","v":"2010"},
{"n":"2009","v":"2009"},
{"n":"2008","v":"2008"},
{"n":"更早","v":"更早"}
]
},

{
"name":"排序",
"key":"by",
"value":[
{"n":"全部","v":"addtime"},
{"n":"时间","v":"id"},
{"n":"人气","v":"hits"}
]
}
]
}
}

