{
"作者":"张弘",
"站名":"凌云影视",
"数组":"class=\"li-img&&</li>",
"图片":"data-src=\"&&\"",
"标题":"alt=\"&&\"",
"副标题":"class=\"icon-play\"></i>&&</span>",
"链接":"href=\"&&\"",
"链接前缀":"https://www.lingyun.in",
"链接后缀":"",
"搜索url":"https://www.lingyun.in/search.html?wd={wd}",
"搜索模式":"1",
"搜索链接前缀":"https://www.lingyun.in",
"搜索链接后缀":"",
"搜索副标题":"空",
"主演":"og:video:actor\" content=\"&&\"",
"简介":"og:description\" content=\"&&\"",
"线路二次截取":"py-tabs&&<div class=\"bd\">",
"线路数组":"<li&&</li>",
"线路标题":"class=\"\">&&<small>",
"播放数组":"<ul class=\"player ckp\">&&</ul>",
"播放列表":"<a&&/a>",
"播放标题":"html\">&&<",
"播放链接":"href=\"&&\"",
"播放链接前缀":"https://www.lingyun.in",
"播放链接后缀":"",
"免嗅":"1",
"嗅探词":".mp4#.m3u8#.flv",
"过滤词":"item/video#is_play_url=1",
"分类":"电视剧$tv#电影$movie#综艺$variety#动漫$cartoon",
"分类url":"https://www.lingyun.in/list/{cateId}-{area}--{class}-----{catePg}---{year}.html",
"筛选":{
"tv":[
{"key":"area",
"name":"地区",
"value":[
{"n":"全部","v":""},
{"n":"大陆","v":"大陆"},
{"n":"香港","v":"香港"},
{"n":"美国","v":"美国"},
{"n":"日本","v":"日本"},
{"n":"韩国","v":"韩国"},
{"n":"印度","v":"印度"},
{"n":"其他","v":"其他"}]},
{"key":"class",
"name":"类型",
"value":[
{"n":"全部","v":""},
{"n":"剧情","v":"剧情"},
{"n":"科幻","v":"科幻"},
{"n":"动作","v":"动作"},
{"n":"喜剧","v":"喜剧"},
{"n":"爱情","v":"爱情"},
{"n":"冒险","v":"冒险"},
{"n":"战争","v":"战争"}]},
{"key":"year",
"name":"年代",
"value":[
{"n":"全部","v":""},
{"n":"2022","v":"2022"},
{"n":"2021","v":"2021"},
{"n":"2020","v":"2020"},
{"n":"2019","v":"2019"},
{"n":"2018","v":"2018"},
{"n":"2017","v":"2017"},
{"n":"2016","v":"2016"}]}
],
"movie":[
{"key":"area",
"name":"地区",
"value":[
{"n":"全部","v":""},
{"n":"大陆","v":"大陆"},
{"n":"香港","v":"香港"},
{"n":"美国","v":"美国"},
{"n":"日本","v":"日本"},
{"n":"韩国","v":"韩国"},
{"n":"印度","v":"印度"},
{"n":"其他","v":"其他"}]},
{"key":"class",
"name":"类型",
"value":[
{"n":"全部","v":""},
{"n":"剧情","v":"剧情"},
{"n":"科幻","v":"科幻"},
{"n":"动作","v":"动作"},
{"n":"喜剧","v":"喜剧"},
{"n":"爱情","v":"爱情"},
{"n":"冒险","v":"冒险"},
{"n":"战争","v":"战争"}]},
{"key":"year",
"name":"年代",
"value":[
{"n":"全部","v":""},
{"n":"2022","v":"2022"},
{"n":"2021","v":"2021"},
{"n":"2020","v":"2020"},
{"n":"2019","v":"2019"},
{"n":"2018","v":"2018"},
{"n":"2017","v":"2017"},
{"n":"2016","v":"2016"}]}
],
"variety":[
{"key":"area",
"name":"地区",
"value":[
{"n":"全部","v":""},
{"n":"内地","v":"内地"},
{"n":"港台","v":"港台"},
{"n":"日韩","v":"日韩"},
{"n":"欧美","v":"欧美"}]},
{"key":"class",
"name":"类型",
"value":[
{"n":"全部","v":""},
{"n":"剧情","v":"剧情"},
{"n":"科幻","v":"科幻"},
{"n":"动作","v":"动作"},
{"n":"喜剧","v":"喜剧"},
{"n":"爱情","v":"爱情"},
{"n":"冒险","v":"冒险"},
{"n":"战争","v":"战争"}]},
{"key":"year",
"name":"年代",
"value":[
{"n":"全部","v":""},
{"n":"2022","v":"2022"},
{"n":"2021","v":"2021"},
{"n":"2020","v":"2020"},
{"n":"2019","v":"2019"},
{"n":"2018","v":"2018"},
{"n":"2017","v":"2017"},
{"n":"2016","v":"2016"}]}
],
"cartoon":[
{"key":"area",
"name":"地区",
"value":[
{"n":"全部","v":""},
{"n":"大陆","v":"大陆"},
{"n":"日本","v":"日本"},
{"n":"其他","v":"其他"}]},
{"key":"class",
"name":"类型",
"value":[
{"n":"全部","v":""},
{"n":"剧情","v":"剧情"},
{"n":"科幻","v":"科幻"},
{"n":"动作","v":"动作"},
{"n":"喜剧","v":"喜剧"},
{"n":"爱情","v":"爱情"},
{"n":"冒险","v":"冒险"},
{"n":"战争","v":"战争"}]},
{"key":"year",
"name":"年代",
"value":[
{"n":"全部","v":""},
{"n":"2022","v":"2022"},
{"n":"2021","v":"2021"},
{"n":"2020","v":"2020"},
{"n":"2019","v":"2019"},
{"n":"2018","v":"2018"},
{"n":"2017","v":"2017"},
{"n":"2016","v":"2016"}
]
}
]
}
}