{
"作者":"张弘",
"站名":"剧迷影视",
"主页url":"https://gmtv1.xyz",
"数组":"class=\"myui-vodlist__box\"&&</div>",
"图片":"data-original=\"&&\"",
"标题":"title=\"&&\"",
"链接":"href=\"&&\"",
"副标题":"text-right\">&&</span>",
"线路数组":"<h3 class=\"title\"&&/h3>",
"线路标题":">&&<",
"搜索模式":"1",
"搜索url":"https://gmtv1.xyz/search/-------------.html?wd={wd}&submit=",
"搜索链接前缀":"https://gmtv1.xyz",
"搜索链接后缀":"",
"播放数组":"class=\"myui-content__list sort-list scrollbar clearfix\"&&</ul>",
"状态":"分类：&&</p>",
"导演":"导演：&&</p>",
"主演":"主演：&&</p>",
"简介":"class=\"col-pd text-collapse content\">&&</p>",
"播放列表":"<a&&/a>",
"播放标题":">&&<",
"播放链接":"href=\"&&\"",
"免嗅":"1",
"嗅探词":".m3u8#.mp4#.flv#.m4a#.avi#.mkv#.mov#.3gp#.asf#.rm#.rmvb#.wmv#.mpg#.mpeg#.mpe#.ts#.vob#.mp3#.wma",
"分类":"电影$movies#电视剧$tvseries#综艺$tv_show#动漫$anime",
"分类url":"https://gmtv1.xyz/genre/{cateId}-{area}-{year}-{catePg}/by/{by}.html",
"筛选":
{
"tvseries":[
{
"key":"cateId",
"name":"类型",
"value":[
{"n":"全部","v":""},
{"n":"国产剧","v":"cn"},
{"n":"韩剧","v":"kr"},
{"n":"美剧","v":"us"},
{"n":"日剧","v":"jp"},
{"n":"台剧","v":"tw"},
{"n":"港剧","v":"hk"},
{"n":"海外剧","v":"ot"},
{"n":"纪录片","v":"documentary"}
]
},
{
"key":"area",
"name":"地区",
"value":[
{"n":"全部","v":""},
{"n":"美国","v":"美国"},
{"n":"欧美","v":"欧美"},
{"n":"大陆","v":"大陆"},
{"n":"中国大陆","v":"中国大陆"},
{"n":"内地","v":"内地"},
{"n":"中国","v":"中国"},
{"n":"台湾","v":"台湾"},
{"n":"中国台湾","v":"中国台湾"},
{"n":"韩国","v":"韩国"},
{"n":"香港","v":"香港"},
{"n":"日韩","v":"日韩"},
{"n":"日本","v":"日本"},
{"n":"英国","v":"英国"},
{"n":"泰国","v":"泰国"},
{"n":"欧洲","v":"欧洲"},
{"n":"法国","v":"法国"}
]
},
{
"key":"year",
"name":"年份",
"value":[
{"n":"全部","v":""},
{"n":"2022","v":"2022"},
{"n":"2021","v":"2021"},
{"n":"2020","v":"2020"},
{"n":"2019","v":"2019"},
{"n":"2018","v":"2018"},
{"n":"2017","v":"2017"},
{"n":"2016","v":"2016"},
{"n":"2015","v":"2015"},
{"n":"2014","v":"2014"},
{"n":"2013","v":"2013"},
{"n":"2012","v":"2012"},
{"n":"2011","v":"2011"},
{"n":"2010","v":"2010"}
]
},
{
"key":"by",
"name":"排序",
"value":[
{"n":"全部","v":""},
{"n":"按更新","v":"time"},
{"n":"周人气","v":"hits_week"},
{"n":"月人气","v":"hits_month"}
]
}
],
"movies":[
{
"key":"cateId",
"name":"类型",
"value":[
{"n":"全部","v":""},
{"n":"剧情片","v":"drama"},
{"n":"动作片","v":"action"},
{"n":"科幻片","v":"scifi"},
{"n":"喜剧片","v":"comedy+"},
{"n":"爱情片","v":"romance"},
{"n":"奇幻片","v":"magic"},
{"n":"战争片","v":"war"},
{"n":"恐怖片","v":"horror"},
{"n":"动画电影","v":"animation"}
]
},
{
"key":"area",
"name":"地区",
"value":[
{"n":"全部","v":""},
{"n":"美国","v":"美国"},
{"n":"欧美","v":"欧美"},
{"n":"大陆","v":"大陆"},
{"n":"中国大陆","v":"中国大陆"},
{"n":"内地","v":"内地"},
{"n":"中国","v":"中国"},
{"n":"台湾","v":"台湾"},
{"n":"中国台湾","v":"中国台湾"},
{"n":"韩国","v":"韩国"},
{"n":"香港","v":"香港"},
{"n":"日韩","v":"日韩"},
{"n":"日本","v":"日本"},
{"n":"英国","v":"英国"},
{"n":"泰国","v":"泰国"},
{"n":"欧洲","v":"欧洲"},
{"n":"法国","v":"法国"}
]
},
{
"key":"year",
"name":"年份",
"value":[
{"n":"全部","v":""},
{"n":"2022","v":"2022"},
{"n":"2021","v":"2021"},
{"n":"2020","v":"2020"},
{"n":"2019","v":"2019"},
{"n":"2018","v":"2018"},
{"n":"2017","v":"2017"},
{"n":"2016","v":"2016"},
{"n":"2015","v":"2015"},
{"n":"2014","v":"2014"},
{"n":"2013","v":"2013"},
{"n":"2012","v":"2012"},
{"n":"2011","v":"2011"},
{"n":"2010","v":"2010"}
]
},
{
"key":"by",
"name":"排序",
"value":[
{"n":"全部","v":""},
{"n":"按更新","v":"time"},
{"n":"周人气","v":"hits_week"},
{"n":"月人气","v":"hits_month"}
]
}
],
"tv_show":[
{
"key":"cateId",
"name":"类型",
"value":[
{"n":"全部","v":""},
{"n":"综艺","v":"tv_show"}
]
},
{
"key":"area",
"name":"地区",
"value":[
{"n":"全部","v":""},
{"n":"大陆","v":"大陆"},
{"n":"中国大陆","v":"中国大陆"},
{"n":"韩国","v":"韩国"},
{"n":"台湾","v":"台湾"},
{"n":"美国","v":"美国"},
{"n":"欧美","v":"欧美"},
{"n":"日本","v":"日本"},
{"n":"香港","v":"香港"}
]
},
{
"key":"year",
"name":"年份",
"value":[
{"n":"全部","v":""},
{"n":"2022","v":"2022"},
{"n":"2021","v":"2021"},
{"n":"2020","v":"2020"},
{"n":"2019","v":"2019"},
{"n":"2018","v":"2018"},
{"n":"2017","v":"2017"},
{"n":"2016","v":"2016"},
{"n":"2015","v":"2015"},
{"n":"2014","v":"2014"},
{"n":"2013","v":"2013"},
{"n":"2012","v":"2012"},
{"n":"2011","v":"2011"},
{"n":"2010","v":"2010"}
]
},
{
"key":"by",
"name":"排序",
"value":[
{"n":"全部","v":""},
{"n":"按更新","v":"time"},
{"n":"周人气","v":"hits_week"},
{"n":"月人气","v":"hits_month"}
]
}
],
"anime":[
{
"key":"cateId",
"name":"类型",
"value":[
{"n":"全部","v":""},
{"n":"动漫","v":"tv_show"}
]
},
{
"key":"area",
"name":"地区",
"value":[
{"n":"全部","v":""},
{"n":"日本","v":"日本"},
{"n":"美国","v":"美国"},
{"n":"欧美","v":"欧美"},
{"n":"大陆","v":"大陆"},
{"n":"台湾","v":"台湾"},
{"n":"香港","v":"香港"},
{"n":"韩国","v":"韩国"}
]
},
{
"key":"year",
"name":"年份",
"value":[
{"n":"全部","v":""},
{"n":"2022","v":"2022"},
{"n":"2021","v":"2021"},
{"n":"2020","v":"2020"},
{"n":"2019","v":"2019"},
{"n":"2018","v":"2018"},
{"n":"2017","v":"2017"},
{"n":"2016","v":"2016"},
{"n":"2015","v":"2015"},
{"n":"2014","v":"2014"},
{"n":"2013","v":"2013"},
{"n":"2012","v":"2012"},
{"n":"2011","v":"2011"},
{"n":"2010","v":"2010"}
]
},
{
"key":"by",
"name":"排序",
"value":[
{"n":"全部","v":""},
{"n":"按更新","v":"time"},
{"n":"周人气","v":"hits_week"},
{"n":"月人气","v":"hits_month"}
]
}
]
}
}

