{
"作者":"张弘",
"站名":"剧迷线上看",
"主页url":"https://gimytv.tv/",
"数组":"class=\"myui-vodlist__box\"&&</a>",
"图片":"data-original=\"&&\"",
"标题":"title=\"&&\"",
"链接":"href=\"&&\"",
"副标题":"text-right\">&&</span>",
"线路数组":"circle-o-notch\"></i&&/h3>",
"线路标题":">&&<",
"搜索url":"https://gimytv.tv/search/-------------.html?wd={wd}&submit=",
"搜索链接前缀":"https://gimytv.tv",
"搜索链接后缀":"",
"搜索模式":"1",
"播放数组":"class=\"myui-content__list sort-list scrollbar clearfix\"&&</ul>",
"状态":"狀態：</span>&&</p>",
"导演":"導演：</span>&&</p>",
"主演":"主演：</span>&&</p>",
"简介":"class=\"col-pd text-collapse content\">&&</p>",
"播放列表":"<a&&/a>",
"播放标题":">&&<",
"播放链接":"href=\"&&\"",
"免嗅":"1",
"嗅探词":".m3u8#.mp4#.flv#.m4a#.avi#.mkv#.mov#.3gp#.asf#.rm#.rmvb#.wmv#.mpg#.mpeg#.mpe#.ts#.vob#.mp3#.wma",
"分类":"电视剧$tvseries#电影$movies#动漫$anime#综艺$tv_show",
"分类url":"https://gimytv.tv/genre/{cateId}-{area}-{year}-{catePg}/by/{by}.html",
"筛选":
{
"tvseries":[
{
"key":"cateId",
"name":"类型",
"value":[
{"n":"全部","v":""},
{"n":"大陆剧","v":"cn"},
{"n":"韩剧","v":"kr"},
{"n":"美剧","v":"us"},
{"n":"日剧","v":"jp"},
{"n":"台剧","v":"tw"},
{"n":"港剧","v":"hk"},
{"n":"海外剧","v":"ot"},
{"n":"纪录片","v":"documentary"}
]
},
{
"key":"area",
"name":"地区",
"value":[
{"n":"全部","v":""},
{"n":"欧美","v":"歐美"},
{"n":"美国","v":"美國"},
{"n":"韩国","v":"韓國"},
{"n":"日本","v":"日本"},
{"n":"大陆","v":"大陸"},
{"n":"台湾","v":"臺灣"},
{"n":"香港","v":"香港"},
{"n":"泰国","v":"泰國"},
{"n":"英国","v":"英國"},
{"n":"新加坡","v":"新加坡"},
{"n":"其他","v":"其他"}
]
},
{
"key":"year",
"name":"年份",
"value":[
{"n":"全部","v":""},
{"n":"2022","v":"2022"},
{"n":"2021","v":"2021"},
{"n":"2020","v":"2020"},
{"n":"2019","v":"2019"},
{"n":"2018","v":"2018"},
{"n":"2017","v":"2017"},
{"n":"2016","v":"2016"},
{"n":"2015","v":"2015"},
{"n":"2014","v":"2014"},
{"n":"2013","v":"2013"},
{"n":"2012","v":"2012"},
{"n":"2011","v":"2011"},
{"n":"2010","v":"2010"}
]
},
{
"key":"by",
"name":"排序",
"value":[
{"n":"全部","v":""},
{"n":"按更新","v":"time"},
{"n":"周人气","v":"hits_week"},
{"n":"月人气","v":"hits_month"}
]
}
],
"movies":[
{
"key":"cateId",
"name":"类型",
"value":[
{"n":"全部","v":""},
{"n":"剧情片","v":"drama"},
{"n":"动作片","v":"action"},
{"n":"科幻片","v":"scifi"},
{"n":"喜剧片","v":"comedy+"},
{"n":"爱情片","v":"romance"},
{"n":"奇幻片","v":"magic"},
{"n":"战争片","v":"war"},
{"n":"恐怖片","v":"horror"},
{"n":"动画电影","v":"animation"}
]
},
{
"key":"area",
"name":"地区",
"value":[
{"n":"全部","v":""},
{"n":"美国","v":"美國"},
{"n":"欧美","v":"歐美"},
{"n":"大陆","v":"大陸"},
{"n":"中国大陆","v":"中國大陸"},
{"n":"内地","v":"內地"},
{"n":"中国","v":"中國"},
{"n":"台湾","v":"臺灣"},
{"n":"中国台湾","v":"中國臺灣"},
{"n":"韩国","v":"韓國"},
{"n":"香港","v":"香港"},
{"n":"日韩","v":"日韓"},
{"n":"日本","v":"日本"},
{"n":"英国","v":"英國"},
{"n":"泰国","v":"泰國"},
{"n":"欧洲","v":"歐洲"},
{"n":"法国","v":"法國"}
]
},
{
"key":"year",
"name":"年份",
"value":[
{"n":"全部","v":""},
{"n":"2022","v":"2022"},
{"n":"2021","v":"2021"},
{"n":"2020","v":"2020"},
{"n":"2019","v":"2019"},
{"n":"2018","v":"2018"},
{"n":"2017","v":"2017"},
{"n":"2016","v":"2016"},
{"n":"2015","v":"2015"},
{"n":"2014","v":"2014"},
{"n":"2013","v":"2013"},
{"n":"2012","v":"2012"}
]
},
{
"key":"by",
"name":"排序",
"value":[
{"n":"全部","v":""},
{"n":"按更新","v":"time"},
{"n":"周人气","v":"hits_week"},
{"n":"月人气","v":"hits_month"}
]
}
],
"tv_show":[
{
"key":"cateId",
"name":"类型",
"value":[
{"n":"全部","v":""},
{"n":"综艺","v":"tv_show"}
]
},
{
"key":"area",
"name":"地区",
"value":[
{"n":"全部","v":""},
{"n":"大陆","v":"大陸"},
{"n":"中国大陆","v":"中國大陸"},
{"n":"韩国","v":"韓國"},
{"n":"台湾","v":"臺灣"},
{"n":"美国","v":"美國"},
{"n":"欧美","v":"歐美"},
{"n":"日本","v":"日本"},
{"n":"香港","v":"香港"}
]
},
{
"key":"year",
"name":"年份",
"value":[
{"n":"全部","v":""},
{"n":"2022","v":"2022"},
{"n":"2021","v":"2021"},
{"n":"2020","v":"2020"},
{"n":"2019","v":"2019"},
{"n":"2018","v":"2018"},
{"n":"2017","v":"2017"},
{"n":"2016","v":"2016"},
{"n":"2015","v":"2015"},
{"n":"2014","v":"2014"},
{"n":"2013","v":"2013"},
{"n":"2012","v":"2012"},
{"n":"2011","v":"2011"},
{"n":"2010","v":"2010"},
{"n":"2009","v":"2009"},
{"n":"2008","v":"2008"},
{"n":"2007","v":"2007"},
{"n":"2006","v":"2006"},
{"n":"2005","v":"2005"},
{"n":"2004","v":"2004"}
]
},
{
"key":"by",
"name":"排序",
"value":[
{"n":"全部","v":""},
{"n":"按更新","v":"time"},
{"n":"周人气","v":"hits_week"},
{"n":"月人气","v":"hits_month"}
]
}
],
"anime":[
{
"key":"cateId",
"name":"类型",
"value":[
{"n":"全部","v":""},
{"n":"动漫","v":"tv_show"}
]
},
{
"key":"area",
"name":"地区",
"value":[
{"n":"全部","v":""},
{"n":"日本","v":"日本"},
{"n":"美国","v":"美國"},
{"n":"欧美","v":"歐美"},
{"n":"大陆","v":"大陸"},
{"n":"台湾","v":"臺灣"},
{"n":"香港","v":"香港"},
{"n":"韩国","v":"韓國"}
]
},
{
"key":"year",
"name":"年份",
"value":[
{"n":"全部","v":""},
{"n":"2022","v":"2022"},
{"n":"2021","v":"2021"},
{"n":"2020","v":"2020"},
{"n":"2019","v":"2019"},
{"n":"2018","v":"2018"},
{"n":"2017","v":"2017"},
{"n":"2016","v":"2016"},
{"n":"2015","v":"2015"},
{"n":"2014","v":"2014"},
{"n":"2013","v":"2013"},
{"n":"2012","v":"2012"},
{"n":"2011","v":"2011"},
{"n":"2010","v":"2010"}
]
},
{
"key":"by",
"name":"排序",
"value":[
{"n":"全部","v":""},
{"n":"按更新","v":"time"},
{"n":"周人气","v":"hits_week"},
{"n":"月人气","v":"hits_month"}
]
}
]
}
}