{
"作者":"张弘",
"站名":"厂长资源",
"主页url":"https://www.czspp.com",
"数组":"<li>&&</li>",
"图片":"data-original=\"&&\"",
"标题":"alt=\"&&\"",
"链接":"czspp.com&&\"",
"副标题":"span>&&</span>",

"搜索模式":"1",
"搜索url":"/xssearch?q={wd}&limit=500",
"搜索二次截取":"<ul>&&</ul>",
"搜索数组":"<a href=\"&&</a>",
"搜索图片":"data-original=\"&&\"",
"搜索标题":"alt=\"&&\"",
"搜索链接":"czspp.com&&\"",

"导演":"导演：&&</li>",
"主演":"主演：&&</li>",
"简介":"<p>&&</p>",
"线路数组":"<div class=\"mi_paly_box\">&&</div>",
"线路标题":"<span>&&</span>",
"播放数组":"<div class=\"paly_list_btn\">&&</div>",
"播放列表":"<a&&/a>",
"播放标题":">&&<",
"播放链接":"czspp.com&&\"",
"分类":"本月热门$benyueremen#豆瓣电影Top250$dbtop250#最新电影$zuixindianying#高分影视$gaofenyingshi#电影$movie_bt_series/dyy#电视剧$movie_bt_series/dianshiju#国产剧$gcj#美剧$meijutt#韩剧$hanjutv#番剧$fanju#动漫$dm",
"分类url":"https://www.czspp.com/{cateId}/page/{catePg}",
"筛选":
{
"movie_bt_series/dyy":[
{
"key":"cateId",
"name":"类型",
"value":[
{"n":"全部类型","v":"movie_bt_series/dyy"},
{"n":"国语","v":"movie_bt_series/huayudianying"},
{"n":"韩国","v":"movie_bt_series/hanguodianying"},
{"n":"日本","v":"movie_bt_series/ribendianying"},
{"n":"美国","v":"movie_bt_series/meiguodianying"},
{"n":"英国","v":"movie_bt_series/yingguodianying"},
{"n":"法国","v":"movie_bt_series/faguodianying"},
{"n":"俄罗斯","v":"movie_bt_series/eluosidianying"},
{"n":"加拿大","v":"movie_bt_series/jianadadianying"},
{"n":"印度","v":"movie_bt_series/yindudianying"},
{"n":"传记","v":"movie_bt_tags/chuanji/movie_bt_series/dyy"},
{"n":"儿童","v":"movie_bt_tags/etet/movie_bt_series/dyy"},
{"n":"冒险","v":"movie_bt_tags/maoxian/movie_bt_series/dyy"},
{"n":"剧情","v":"movie_bt_tags/juqing/movie_bt_series/dyy"},
{"n":"动作","v":"movie_bt_tags/dozuo/movie_bt_series/dyy"},
{"n":"动漫","v":"movie_bt_tags/doman/movie_bt_series/dyy"},
{"n":"动画","v":"movie_bt_tags/dhh/movie_bt_series/dyy"},
{"n":"历史","v":"movie_bt_tags/lishi/movie_bt_series/dyy"},
{"n":"古装","v":"movie_bt_tags/guzhuang/movie_bt_series/dyy"},
{"n":"同性","v":"movie_bt_tags/tongxing/movie_bt_series/dyy"},
{"n":"喜剧","v":"movie_bt_tags/xiju/movie_bt_series/dyy"},
{"n":"奇幻","v":"movie_bt_tags/qihuan/movie_bt_series/dyy"},
{"n":"家庭","v":"movie_bt_tags/jiating/movie_bt_series/dyy"},
{"n":"恐怖","v":"movie_bt_tags/kubu/movie_bt_series/dyy"},
{"n":"悬疑","v":"movie_bt_tags/xuanyi/movie_bt_series/dyy"},
{"n":"情色","v":"movie_bt_tags/qingse/movie_bt_series/dyy"},
{"n":"惊悚","v":"movie_bt_tags/kingsong/movie_bt_series/dyy"},
{"n":"战争","v":"movie_bt_tags/zhanzhen/movie_bt_series/dyy"},
{"n":"歌舞","v":"movie_bt_tags/gw/movie_bt_series/dyy"},
{"n":"武侠","v":"movie_bt_tags/wuxia/movie_bt_series/dyy"},
{"n":"灾难","v":"movie_bt_tags/zainan/movie_bt_series/dyy"},
{"n":"爱情","v":"movie_bt_tags/aiqing/movie_bt_series/dyy"},
{"n":"犯罪","v":"movie_bt_tags/fanzui/movie_bt_series/dyy"},
{"n":"短片","v":"movie_bt_tags/dp/movie_bt_series/dyy"},
{"n":"科幻","v":"movie_bt_tags/kh/movie_bt_series/dyy"},
{"n":"纪录片","v":"movie_bt_tags/jlpp/movie_bt_series/dyy"},
{"n":"西部","v":"movie_bt_tags/xb/movie_bt_series/dyy"},
{"n":"运动","v":"movie_bt_tags/yd/movie_bt_series/dyy"},
{"n":"音乐","v":"movie_bt_tags/yy/movie_bt_series/dyy"}
]}
], 
"movie_bt_series/dianshiju":[
{
"key":"cateId",
"name":"类型",
"value":[
{"n":"全部类型","v":"movie_bt_series/dianshiju"},
{"n":"国产","v":"movie_bt_series/guochanju"},
{"n":"香港","v":"movie_bt_series/gj"},
{"n":"台湾","v":"movie_bt_series/tj"},
{"n":"日本","v":"movie_bt_series/rj"},
{"n":"韩国","v":"movie_bt_series/hj"},
{"n":"美国","v":"movie_bt_series/mj"},
{"n":"海外","v":"movie_bt_series/hwj"},
{"n":"传记","v":"movie_bt_tags/chuanji/movie_bt_series/dianshiju"},
{"n":"儿童","v":"movie_bt_tags/etet/movie_bt_series/dianshiju"},
{"n":"冒险","v":"movie_bt_tags/maoxian/movie_bt_series/dianshiju"},
{"n":"剧情","v":"movie_bt_tags/juqing/movie_bt_series/dianshiju"},
{"n":"动作","v":"movie_bt_tags/dozuo/movie_bt_series/dianshiju"},
{"n":"动漫","v":"movie_bt_tags/doman/movie_bt_series/dianshiju"},
{"n":"动画","v":"movie_bt_tags/dhh/movie_bt_series/dianshiju"},
{"n":"历史","v":"movie_bt_tags/lishi/movie_bt_series/dianshiju"},
{"n":"古装","v":"movie_bt_tags/guzhuang/movie_bt_series/dianshiju"},
{"n":"同性","v":"movie_bt_tags/tongxing/movie_bt_series/dianshiju"},
{"n":"喜剧","v":"movie_bt_tags/xiju/movie_bt_series/dianshiju"},
{"n":"奇幻","v":"movie_bt_tags/qihuan/movie_bt_series/dianshiju"},
{"n":"家庭","v":"movie_bt_tags/jiating/movie_bt_series/dianshiju"},
{"n":"恐怖","v":"movie_bt_tags/kubu/movie_bt_series/dianshiju"},
{"n":"悬疑","v":"movie_bt_tags/xuanyi/movie_bt_series/dianshiju"},
{"n":"情色","v":"movie_bt_tags/qingse/movie_bt_series/dianshiju"},
{"n":"惊悚","v":"movie_bt_tags/kingsong/movie_bt_series/dianshiju"},
{"n":"战争","v":"movie_bt_tags/zhanzhen/movie_bt_series/dianshiju"},
{"n":"歌舞","v":"movie_bt_tags/gw/movie_bt_series/dianshiju"},
{"n":"武侠","v":"movie_bt_tags/wuxia/movie_bt_series/dianshiju"},
{"n":"灾难","v":"movie_bt_tags/zainan/movie_bt_series/dianshiju"},
{"n":"爱情","v":"movie_bt_tags/aiqing/movie_bt_series/dianshiju"},
{"n":"犯罪","v":"movie_bt_tags/fanzui/movie_bt_series/dianshiju"},
{"n":"真人秀","v":"movie_bt_tags/zrx/movie_bt_series/dianshiju"},
{"n":"短片","v":"movie_bt_tags/dp/movie_bt_series/dianshiju"},
{"n":"科幻","v":"movie_bt_tags/kh/movie_bt_series/dianshiju"},
{"n":"纪录片","v":"movie_bt_tags/jlpp/movie_bt_series/dianshiju"},
{"n":"西部","v":"movie_bt_tags/xb/movie_bt_series/dianshiju"},
{"n":"运动","v":"movie_bt_tags/yd/movie_bt_series/dianshiju"},
{"n":"音乐","v":"movie_bt_tags/yy/movie_bt_series/dianshiju"}]}]}}