{
"作者":"张弘",
"站名":"厂长资源",
"主页url":"https://www.czspp.com",
"数组":"<li>&&</li>",
"图片":"data-original=\"&&\"",
"标题":"alt=\"&&\"",
"链接":"czspp.com&&\"",
"副标题":"span>&&</span>",

"搜索模式":"1",
"搜索url":"/xssearch?q={wd}&limit=500",
"搜索二次截取":"<ul>&&</ul>",
"搜索数组":"<a href=\"&&</a>",
"搜索图片":"data-original=\"&&\"",
"搜索标题":"alt=\"&&\"",
"搜索链接":"czspp.com&&\"",

"导演":"导演：&&</li>",
"主演":"主演：&&</li>",
"简介":"<p>&&</p>",
"线路数组":"<div class=\"mi_paly_box\">&&</div>",
"线路标题":"<span>&&</span>",
"播放数组":"<div class=\"paly_list_btn\">&&</div>",
"播放列表":"<a&&/a>",
"播放标题":">&&<",
"播放链接":"czspp.com&&\"",
"分类":"本月热门$benyueremen#豆瓣电影Top250$dbtop250#最新电影$zuixindianying#高分影视$gaofenyingshi#电影$movie_bt_series/dyy#电视剧$dsj#国产剧$gcj#美剧$meijutt#韩剧$hanjutv#番剧$fanju#动漫$dm#海外剧$hwj",
"分类url": "https://www.czspp.com/{cateId}/page/{catePg}",

"筛选":
{
"movie_bt_series/dyy":[
{
"key":"cateId",
"name":"类型",
"value":[
{"n":"全部","v":""},
{"n":"国语","v":"huayudianying"},
{"n":"韩国","v":"hanguodianying"},
{"n":"日本","v":"ribendianying"},
{"n":"美国","v":"meiguodianying"},
{"n":"英国","v":"yingguodianying"},
{"n":"法国","v":"faguodianying"},
{"n":"俄罗斯","v":"eluosidianying"},
{"n":"加拿大","v":"jianadadianying"},
{"n":"印度","v":"yindudianying"}
]
},
{
"key":"cateId",
"name":"剧情",
"value":[
{"n":"全部","v":""},
{"n":"传记","v":"chuanji"},
{"n":"儿童","v":"etet"},
{"n":"冒险","v":"maoxian"},
{"n":"剧情","v":"juqing"},
{"n":"动作","v":"dozuo"},
{"n":"动漫","v":"doman"},
{"n":"动画","v":"dhh"},
{"n":"历史","v":"lishi"},
{"n":"古装","v":"guzhuang"},
{"n":"同性","v":"tongxing"},
{"n":"喜剧","v":"xiju"},
{"n":"奇幻","v":"qihuan"},
{"n":"家庭","v":"jiating"},
{"n":"恐怖","v":"kubu"},
{"n":"悬疑","v":"xuanyi"}
]
},
{
"key":"class",
"name":"",
"value":[
{"n":"全部","v":""},
{"n":"情色","v":"qingse"},
{"n":"惊悚","v":"kingsong"},
{"n":"战争","v":"zhanzhen"},
{"n":"歌舞","v":"gw"},
{"n":"武侠","v":"wuxia"},
{"n":"灾难","v":"zainan"},
{"n":"爱情","v":"aiqing"},
{"n":"犯罪","v":"fanzui"},
{"n":"短片","v":"dp"},
{"n":"科幻","v":"kh"},
{"n":"纪录片","v":"jlpp"},
{"n":"西部","v":"xb"},
{"n":"运动","v":"yd"},
{"n":"音乐","v":"yy"}
]}
], 
"dianshiju":[
{
"key":"cateId",
"name":"类型",
"value":[
{"n":"全部","v":""},
{"n":"国产","v":"guochanju"},
{"n":"香港","v":"gj"},
{"n":"台湾","v":"tj"},
{"n":"日本","v":"rj"},
{"n":"韩国","v":"hj"},
{"n":"美国","v":"mj"},
{"n":"海外","v":"hwj"}
]
},
{
"key":"class",
"name":"剧情",
"value":[
{"n":"全部","v":""},
{"n":"传记","v":"chuanji"},
{"n":"儿童","v":"etet"},
{"n":"冒险","v":"maoxian"},
{"n":"剧情","v":"juqing"},
{"n":"动作","v":"dozuo"},
{"n":"动漫","v":"doman"},
{"n":"动画","v":"dhh"},
{"n":"历史","v":"lishi"},
{"n":"古装","v":"guzhuang"},
{"n":"同性","v":"tongxing"},
{"n":"喜剧","v":"xiju"},
{"n":"奇幻","v":"qihuan"},
{"n":"家庭","v":"jiating"},
{"n":"恐怖","v":"kubu"}
]
},
{
"key":"class",
"name":"",
"value":[
{"n":"全部","v":""},
{"n":"悬疑","v":"xuanyi"},
{"n":"情色","v":"qingse"},
{"n":"惊悚","v":"kingsong"},
{"n":"战争","v":"zhanzhen"},
{"n":"歌舞","v":"gw"},
{"n":"武侠","v":"wuxia"},
{"n":"灾难","v":"zainan"},
{"n":"爱情","v":"aiqing"},
{"n":"犯罪","v":"fanzui"},
{"n":"真人秀","v":"zrx"},
{"n":"短片","v":"dp"},
{"n":"科幻","v":"kh"},
{"n":"纪录片","v":"jlpp"},
{"n":"西部","v":"xb"},
{"n":"运动","v":"yd"},
{"n":"音乐","v":"yy"}]}]}}