{
  "name": "奇优影院（不支持搜）",
  "url": "http://1e6e.com",
  //"User": "User-Agent:Dart/2.14 (dart:io)",
  "shouye": "1",
//  "fenlei": "电影$/list/1_#电视剧$/list/2_#综艺$/list/4_#动漫$/list/3_#伦理$/list/6_",
"分类": "电影$1#电视剧$2#综艺$4#动漫$3#伦理$6",
"分类url": "http://1e6e.com/list/{cateId}_{catePg}.html?order={by}",
  "houzhui": ".html",
  "shifouercijiequ": "0",
  "jiequqian": "空",
  "jiequhou": "空",
  "jiequshuzuqian": "class=\"stui-vodlist__box\"",
  "jiequshuzuhou": "</span>",
  "tupianqian": "original=\"",
  "tupianhou": "\"",
  "biaotiqian": "title=\"",
  "biaotihou": "\"",
  "lianjieqian": "href=\"",
  "lianjiehou": "\"",
  "sousuoqian": "/search.php;post;searchword={wd}",
  "sousuohou": "",
  "sousuohouzhui": "",
  "ssmoshi": "1",
  "sousuoshifouercijiequ": "0",
  "jspic": "pic",
  "jsname": "name",
  "jsid": "id",
  "ssjiequqian": "",
  "ssjiequhou": "",
  "ssjiequshuzuqian": "class=\"stui-vodlist__media",
  "ssjiequshuzuhou": "</li>",
  "sstupianqian": "original=\"",
  "sstupianhou": "\"",
  "ssbiaotiqian": "title=\"",
  "ssbiaotihou": "\"",
  "sslianjieqian": "href=\"",
  "sslianjiehou": "\"",
  "bfshifouercijiequ": "0",
  "bfjiequqian": "空",
  "bfjiequhou": "空",
  "bfjiequshuzuqian": "class=\"stui-content__playlist clearfix\"",
  "bfjiequshuzuhou": "</ul>",
  "zhuangtaiqian": "class=\"pic-text text-right\">",
  "zhuangtaihou": "</span>",
  "daoyanqian": "导演：</span>",
  "daoyanhou": "</p>",
  "zhuyanqian": "主演：</span>",
  "zhuyanhou": "</p>",
  "juqingqian": "简介：</span>",
  "juqinghou": "</div>",
  "bfyshifouercijiequ": "0",
  "bfyjiequqian": "空",
  "bfyjiequhou": "空",
  "bfyjiequshuzuqian": "<a",
  "bfyjiequshuzuhou": "/a>",
  "bfbiaotiqian": ">",
  "bfbiaotihou": "<",
  "bflianjieqian": "href=\"",
  "bflianjiehou": "\"",
  "嗅探词": ".m3u8#.mp4#.flv",
  "筛选": "1",
  "地区": "0",
  "剧情": "0",
  "年份": "0",
  "排序": "按时间$time#按人气$hit#"

}