{
"作者": "劳思",
"站名": "小猫咪",
"主页url": "https://fositv.com",
"请求头": "",
"热门推荐": "1",
"起始页": "1",
"直接播放": "0",
"倒序播放": "0",
/**
*个别网站需要开启图片代理才能显示图片，比如素白白，一般情况下不能开
*/
"图片代理": "0",

/**
*所有截取前后用&&连接

*截取信息末尾可用中括号附加筛选包含或不包含，用#分隔多个关键词，全部英文符号，例
"分类数组": "class=\"nav\"&&</div>[不包含:首页#资讯]",

*可在截取信息末尾用中括号修改替换显示内容，替换与被替换之间用>>分隔，用#分隔多个替换项，替换为汉字空时表示不显示被替换词，被替换词可以用通配符*，比如(*)，会替换掉包含括号的左右括号之间的全部字符，例
"线路数组": "class=\"hl-tabs-btn hl-slide-swiper&&</a>[替换:线路1>>腾腾#播放>>空#(*)$空]",

*要筛选或替换某项内容在相应截取字段末尾，引号内加，例
"播放标题": ">&&</a>[不包含:素白白]",

*数组筛选除关键词筛选外还可以筛选序号，连续序号用-连接序号之间用#分隔，例
"数组": "class=\"hl-list-item&&</li>[不包含:1#9-11]",
*/
"二次截取": "",
"数组": "class=\"myui-vodlist__box&&</li>",
"图片": "data-original=\"&&\"",
"标题": "title=\"&&\"",
"副标题": "class=\"pic-text text-right\">&&</a >",
"链接": "href=\"&&\"",
"链接前缀": "",

"线路二次截取": "",
"线路数组": "#playlist&&</li>",
"线路标题": ">&&<",

"状态":"<li class=\"hl-col-xs-12 hl-col-sm-4&&</li>",
"导演": "导演：&&</div",
"主演": "主演：&&</div",
"简介": "class=\"sketch content\">&&</span>",

"播放二次截取": "",
"播放数组": "class=\"myui-content__list&&</ul>",
"列表二次截取": "",
"播放列表": "<a&&/a>",
"播放标题": ">&&<",
"播放链接": "href=\"&&\"",
"播放链接前缀": "https://fositv.com",
"免嗅": "0",
"嗅探词":".m3u8",
"过滤词":"",
"播放请求头": "",
/**
*搜索可包含页码，会把搜索到的全部内容展示出来
*一般用模式1：截取模式，json模式很多网站不支持
*/
"搜索url": "https://fositv.com/vodsearch/{wd}----------{pg}---.html",
"搜索模式": "1",
"搜索二次截取": "",
"搜索数组": "class=\"myui-vodlist__thumb&&</li>",
"搜索图片": "data-original=\"&&\"",
"搜索标题": "title=\"&&\"",
"搜索链接": "href=\"&&\"",
"搜索链接前缀": "",
/**
*第一页与其他页不一样的直接用英文中括号加在分类url末尾
*/
"分类url": "https://fositv.com/vodshow/{cateId}-{area}-{by}------{catePg}---{year}.html",
/**
*分类内置数字和拼音的四在类型，可用键$值的方式直接填写在分类中，用#分隔，例
"分类": "电影$1#电视剧$2",
*也可以用截取模式，截取模式同样可筛选和替换
*/
"分类": "数字||纪录$5",
"分类二次截取": "",
"分类数组": "",
"分类标题": "",
"分类ID": "",

/**
*以下为筛选配置，需要网站本身没有筛选的无法使用
*类型和剧情自定义方式相同：大类之间用||分隔，每个大类的头部用--分隔大类值，比如电影的值是1，电视剧的值是2时：
"类型": "1--动作$101#喜剧||2--武侠$202#爱情$203"，
*/
"类型": "1--动作$101#喜剧$102#爱情$103#科幻$104#剧情$105#悬疑$106#惊悚$107#恐怖$108#犯罪$109#谍战$110#冒险$111#奇幻$112#灾难$113#战争$114#动画$115#歌舞$116#历史$117#传记$118#纪录$119||2--武侠$201#喜剧$202#爱情$203#剧情$204#青春$205#悬疑$206#科幻$207#军事$208#警匪$209#谍战$210#奇幻$211#偶像$212#都市$215#古装$217#历史$218#神话$219||3--脱口秀$301#真人秀$302#搞笑$303#访谈$304#生活$305#晚会$306#美食$307#游戏$308#亲子$309#旅游$310#文化$311#体育$312#时尚$313#纪实$314#益智$315#演艺$316#歌舞$317#音乐$318#播报$319||4--热血$401#格斗$402#恋爱$403#美少女$404#校园$405#搞笑$406#LOLI$407#神魔$408#机战$409#科幻$410#真人$411#青春$412#魔法$413#神话$414#冒险$415#运动$416#竞技$417#童话$418#亲子$419#教育$420||5--人物$501#军事$502#历史$503#自然$504#探险$505#科技$506#文化$507#刑侦$508#社会$509#旅游$510",
"剧情": "0",
/**
*地区一般默认1就可以了，有的大际是中国大陆，就需要用替换法，与截取替换有区别："地区$地区值"同时存在，缺一不可，各组替换之间用||分隔
*/
"地区": "替换[大陆$大陆>>中国大陆$中国大陆||香港$香港>>中国香港$中国香港||台湾$台湾>>中国台湾$中国台湾]",
/**
*年份默认1时，为2010-2022，自定义写法：起始年-截止年，如
"年份": "2000-2020",
*/
"年份": "2000-2022",
/**
*排序默认1时，为英文模式，自定义写法：
"排序": "时间$time#热门$hits",
*/
"排序": "1",
/**
*可在"筛选"字段填外部json地址，支持本地clan和和外网http
*可直接复制xp的json到"筛选"字段
*"筛选"字段为1时，使用分项自定义，包括：类型cateId、剧情class、地区area、年份year、排序by，除类型外每个分项都有默认内置"1"
*/
"筛选": "1"
}
