{
"站名": "性欲轮回[分类]",
"主页url": "https://www.singyulh.cc",
"直接播放": "1",
"分类": "麻豆传媒$麻豆传媒#SWAG$SWAG#短视频$短视频#福利姬$福利姬#软萌伪娘$伪娘#ASMR$ASMR#人妖$人妖#恋足$恋足#探花$探花#刘玥$刘玥#性爱娃娃$性爱娃娃#HongKongDoll$HongKongDoll#直播$直播#推特$推特#门事件$门事件",
"数组": "class=\"item-box&&</section>",
"图片": "img src=\"&&\"",
"标题": "alt=\"&&\"",
"链接": "href=\"&&\"",
"副标题":"<span class=\"item-auxiliary\">&&</span>",
"搜索url":"https://www.singyulh.cc/{wd}----------{pg}---.html",
"搜索模式":"1",
"搜索数组":"<li>&&</li>",
"搜索图片":"img src=\"&&\"",
"搜索标题":"alt=\"&&\"",
"搜索链接":"href=\"&&\"",
"搜索后缀":"/index.php/vodplay/",
"搜索链接前缀":"https://www.singyulh.cc",
"搜索链接后缀":"-1-1.html",
"免嗅":"1",
"嗅探词":".m3u8#.mp4#.flv#.m4a#.avi#.mkv#.mov#.3gp#.asf#.rm#.rmvb#.wmv#.mpg#.mpeg#.mpe#.ts#.vob#.mp3#.wma",
"过滤词":"=http#.jpg#.png#.ico#.gif#.js",
"分类url":"https://www.singyulh.cc/index.php/vodsearch/{cateId}----------{catePg}---.html"
}
