{
"站名": "性欲轮回",
"主页url": "https://www.singyulh.cc",
"直接播放": "1",
"列表显示": "0",
"横图显示": "0",
"分类": "国产视频$1#日本视频$2#欧美视频$3",
"数组": "class=\"item-box&&</section>",
"图片": "img src=\"&&\"",
"标题": "alt=\"&&\"",
"链接": "href=\"&&\"",
"副标题":"<span class=\"item-auxiliary\">&&</span>",
"搜索url":"https://www.singyulh.cc/{wd}----------{pg}---.html",
"搜索模式":"1",
"搜索数组":"<li>&&</li>",
"搜索图片":"img src=\"&&\"",
"搜索标题":"alt=\"&&\"",
"搜索链接":"href=\"&&\"",
"搜索后缀":"/index.php/vodplay/",
"搜索链接前缀":"https://www.singyulh.cc",
"搜索链接后缀":"-1-1.html",
"免嗅":"1",
"嗅探词":".m3u8#.mp4#.flv#.m4a#.avi#.mkv#.mov#.3gp#.asf#.rm#.rmvb#.wmv#.mpg#.mpeg#.mpe#.ts#.vob#.mp3#.wma",
"过滤词":"=http#.jpg#.png#.ico#.gif#.js",
"分类url":"https://www.singyulh.cc/index.php/vodtype/{cateId}-{catePg}.html",
"筛选":{
"1":[
{
"key":"cateId",
"name":"分类",
"value":[
{"n":"全部","v":""},
{"n":"国产精品","v":"10"},
{"n":"精品三级","v":"11"},
{"n":"主播大秀","v":"12"},
{"n":"抖阴视频","v":"13"},
{"n":"国模私拍","v":"14"},
{"n":"颜射瞬间","v":"15"},
{"n":"女神学生","v":"16"},
{"n":"美熟少妇","v":"17"},
{"n":"娇妻素人","v":"18"},
{"n":"空姐模特","v":"19"},
{"n":"国产乱伦","v":"20"},
{"n":"专题","v":"26"},
{"n":"自慰群交","v":"21"},
{"n":"野合车震","v":"22"},
{"n":"职场同事","v":"23"},
{"n":"国产名人","v":"24"},
{"n":"网曝门事件","v":"25"},
{"n":"偷拍自拍","v":"57"},
{"n":"深夜保健室","v":"99"},
{"n":"北京天使","v":"119"}
]
}
],
"2":[
{
"key":"cateId",
"name":"分类",
"value":[
{"n":"全部","v":""},
{"n":"骑兵有码","v":"27"},
{"n":"步兵无码","v":"28"},
{"n":"制服师生","v":"50"},
{"n":"强奸乱伦","v":"51"},
{"n":"人妻熟女","v":"53"},
{"n":"三级剧情","v":"55"},
{"n":"丝袜美腿","v":"56"},
{"n":"亚洲情色","v":"58"}
]
}
],
"3":[
{
"key":"cateId",
"name":"分类",
"value":[
{"n":"全部","v":""},
{"n":"欧美性爱","v":"29"},
{"n":"性爱音乐视频-PMV","v":"93"},
{"n":"人兽","v":"30"},
{"n":"人妖","v":"31"},
{"n":"MomsTeachSex","v":"95"},
{"n":"男同","v":"32"},
{"n":"女同","v":"33"},
{"n":"Fake Taxi","v":"83"},
{"n":"Barzzers","v":"87"},
{"n":"Wow Girls","v":"117"},
{"n":"FamilyStrokes","v":"116"}
]
}
]
}
}
