{
"作者":"张弘",
"站名":"稀饭影院",
"数组":"<div class=\"module-item\">&&</div>",
"图片":"data-src=\"&&\"",
"标题":"title=\"&&\"",
"链接":"href=\"&&\"",
"副标题":"<p class=\"info\">&&</p>",
"线路数组":"<div class=\"module-tab-item tab-item\"&&</div>",
"线路标题":"<span>&&</span>",
"播放数组":"<div class=\"scroll-content\">&&</div>",
"状态":"<div class=\"scroll-box\">&&</div></div>",
"导演":"导演：&&</div>",
"主演":"主演：&&</div>",
"简介":"<div class=\"video-info-item video-info-content vod_content\">&&</span>",
"播放列表":"<a&&/a>",
"播放标题":"<span>&&</span>",
"播放链接":"href=\"&&\"",
"免嗅":"1",
"嗅探词":".m3u8#.mp4#.flv#.m4a#.avi#.mkv#.mov#.3gp#.asf#.rm#.rmvb#.wmv#.mpg#.mpeg#.mpe#.ts#.vob#.mp3#.wma",
"过滤词":"=http#.jpg#.png#.ico#.gif#.js",
"分类":"电影$dianying#电视剧$lianxuju#综艺$zongyi#动漫$dongman",
"分类url":"https://www.xifanys.com/yingpianshow/{cateId}--------{catePg}---.html",
"年份":"2023-1949",
"筛选":"1"
}