{
"作者":"张弘",
"站名":"胖虎影视",
"副标题":"module-item-note\">&&</div>",
"线路数组":"data-dropdown-value=&&</div>",
"线路标题":"<span>&&</small>",
"状态":"更新：&&</div>",
"导演":"导演：&&</div>",
"主演":"主演：&&</div>",
"简介":"<p>&&</p>",
"播放数组":"<div class=\"module-play-list\">&&</div>",
"免嗅":"1",
"分类":"电影$1#剧集$2#综艺$3#动漫$4",
"分类url":"http://www.panghuys.com/vodshow/{cateId}/area/{area}/by/{by}/class/{class}/lang/{lang}/letter/{letter}/page/{catePg}/year/{year}.html",
"筛选":{

"1":[
{"key":"class","name":"剧情","value":[
{"n":"全部","v":""},
{"n":"动作","v":"动作"},
{"n":"喜剧","v":"喜剧"},
{"n":"爱情","v":"爱情"},
{"n":"科幻","v":"科幻"},
{"n":"剧情","v":"剧情"},
{"n":"悬疑","v":"悬疑"},
{"n":"惊悚","v":"惊悚"},
{"n":"恐怖","v":"恐怖"},
{"n":"犯罪","v":"犯罪"},
{"n":"谍战","v":"谍战"},
{"n":"冒险","v":"冒险"},
{"n":"奇幻","v":"奇幻"},
{"n":"灾难","v":"灾难"},
{"n":"战争","v":"战争"},
{"n":"动画","v":"动画"},
{"n":"歌舞","v":"歌舞"},
{"n":"历史","v":"历史"},
{"n":"传记","v":"传记"},
{"n":"其他","v":"其他"}]},

{"key":"area","name":"地区","value":[
{"n":"全部","v":""},
{"n":"中国大陆","v":"中国大陆"},
{"n":"中国香港","v":"中国香港"},
{"n":"中国台湾","v":"中国台湾"},
{"n":"美国","v":"美国"},
{"n":"法国","v":"法国"},
{"n":"英国","v":"英国"},
{"n":"日本","v":"日本"},
{"n":"韩国","v":"韩国"},
{"n":"德国","v":"德国"},
{"n":"泰国","v":"泰国"},
{"n":"印度","v":"印度"},
{"n":"意大利","v":"意大利"},
{"n":"西班牙","v":"西班牙"},
{"n":"加拿大","v":"加拿大"},
{"n":"其他","v":"其他"}]},

{"key":"lang","name":"语言","value":[
{"n":"全部","v":""},
{"n":"普通话","v":"普通话"},
{"n":"英语","v":"英语"},
{"n":"粤语","v":"粤语"},
{"n":"闽南语","v":"闽南语"},
{"n":"韩语","v":"韩语"},
{"n":"日语","v":"日语"},
{"n":"法语","v":"法语"},
{"n":"德语","v":"德语"},
{"n":"其它","v":"其它"}]},

{"key":"year","name":"年份","value":[
{"n":"全部","v":""},
{"n":"2022","v":"2022"},
{"n":"2021","v":"2021"},
{"n":"2020","v":"2020"},
{"n":"2019","v":"2019"},
{"n":"2018","v":"2018"},
{"n":"2017","v":"2017"},
{"n":"2016","v":"2016"},
{"n":"2015","v":"2015"},
{"n":"2014","v":"2014"},
{"n":"2013","v":"2013"},
{"n":"2012","v":"2012"},
{"n":"2011","v":"2011"},
{"n":"2010","v":"2010"},
{"n":"2009","v":"2009"},
{"n":"2008","v":"2008"},
{"n":"2007","v":"2007"},
{"n":"2006","v":"2006"},
{"n":"2005","v":"2005"},
{"n":"2004","v":"2004"},
{"n":"2003","v":"2003"},
{"n":"2002","v":"2002"},
{"n":"2001","v":"2001"},
{"n":"2000","v":"2000"}]},

{"key":"by","name":"排序","value":[
{"n":"时间","v":"/by/time"},
{"n":"人气","v":"/by/hits"},
{"n":"评分","v":"/by/score"}]}],

"2":[
{"key":"class","name":"剧情","value":[
{"n":"全部","v":""},
{"n":"武侠","v":"武侠"},
{"n":"喜剧","v":"喜剧"},
{"n":"爱情","v":"爱情"},
{"n":"剧情","v":"剧情"},
{"n":"青春","v":"青春"},
{"n":"悬疑","v":"悬疑"},
{"n":"科幻","v":"科幻"},
{"n":"军事","v":"军事"},
{"n":"警匪","v":"警匪"},
{"n":"谍战","v":"谍战"},
{"n":"奇幻","v":"奇幻"},
{"n":"偶像","v":"偶像"},
{"n":"年代","v":"年代"},
{"n":"乡村","v":"乡村"},
{"n":"都市","v":"都市"},
{"n":"家庭","v":"家庭"},
{"n":"古装","v":"古装"},
{"n":"历史","v":"历史"},
{"n":"神话","v":"神话"},
{"n":"其他","v":"其他"}]},

{"key":"area","name":"地区","value":[
{"n":"全部","v":""},
{"n":"中国大陆","v":"中国大陆"},
{"n":"中国香港","v":"中国香港"},
{"n":"中国台湾","v":"中国台湾"},
{"n":"美国","v":"美国"},
{"n":"韩国","v":"韩国"},
{"n":"日本","v":"日本"},
{"n":"法国","v":"法国"},
{"n":"英国","v":"英国"},
{"n":"德国","v":"德国"},
{"n":"泰国","v":"泰国"},
{"n":"印度","v":"印度"},
{"n":"其他","v":"其他"}]},

{"key":"lang","name":"语言","value":[
{"n":"全部","v":""},
{"n":"普通话","v":"普通话"},
{"n":"英语","v":"英语"},
{"n":"粤语","v":"粤语"},
{"n":"闽南语","v":"闽南语"},
{"n":"韩语","v":"韩语"},
{"n":"日语","v":"日语"},
{"n":"法语","v":"法语"},
{"n":"德语","v":"德语"},
{"n":"其它","v":"其它"}]},

{"key":"year","name":"年份","value":[
{"n":"全部","v":""},
{"n":"2022","v":"2022"},
{"n":"2021","v":"2021"},
{"n":"2020","v":"2020"},
{"n":"2019","v":"2019"},
{"n":"2018","v":"2018"},
{"n":"2017","v":"2017"},
{"n":"2016","v":"2016"},
{"n":"2015","v":"2015"},
{"n":"2014","v":"2014"},
{"n":"2013","v":"2013"},
{"n":"2012","v":"2012"},
{"n":"2011","v":"2011"},
{"n":"2010","v":"2010"},
{"n":"2009","v":"2009"},
{"n":"2008","v":"2008"},
{"n":"2007","v":"2007"},
{"n":"2006","v":"2006"},
{"n":"2005","v":"2005"},
{"n":"2004","v":"2004"},
{"n":"2003","v":"2003"},
{"n":"2002","v":"2002"},
{"n":"2001","v":"2001"},
{"n":"2000","v":"2000"}]},

{"key":"by","name":"排序","value":[
{"n":"时间","v":"/by/time"},
{"n":"人气","v":"/by/hits"},
{"n":"评分","v":"/by/score"}]}],

"3":[
{"key":"class","name":"剧情","value":[
{"n":"全部","v":""},
{"n":"脱口秀","v":"脱口秀"},
{"n":"真人秀","v":"真人秀"},
{"n":"搞笑","v":"搞笑"},
{"n":"访谈","v":"访谈"},
{"n":"生活","v":"生活"},
{"n":"晚会","v":"晚会"},
{"n":"美食","v":"美食"},
{"n":"游戏","v":"游戏"},
{"n":"亲子","v":"亲子"},
{"n":"旅游","v":"旅游"},
{"n":"文化","v":"文化"},
{"n":"体育","v":"体育"},
{"n":"时尚","v":"时尚"},
{"n":"纪实","v":"纪实"},
{"n":"益智","v":"益智"},
{"n":"演艺","v":"演艺"},
{"n":"歌舞","v":"歌舞"},
{"n":"音乐","v":"音乐"},
{"n":"播报","v":"播报"},
{"n":"其他","v":"其他"}]},

{"key":"area","name":"地区","value":[
{"n":"全部","v":""},
{"n":"中国大陆","v":"中国大陆"},
{"n":"中国香港","v":"中国香港"},
{"n":"中国台湾","v":"中国台湾"},
{"n":"美国","v":"美国"},
{"n":"韩国","v":"韩国"},
{"n":"日本","v":"日本"},
{"n":"法国","v":"法国"},
{"n":"英国","v":"英国"},
{"n":"德国","v":"德国"},
{"n":"泰国","v":"泰国"},
{"n":"印度","v":"印度"},
{"n":"其他","v":"其他"}]},

{"key":"lang","name":"语言","value":[
{"n":"全部","v":""},
{"n":"普通话","v":"普通话"},
{"n":"英语","v":"英语"},
{"n":"粤语","v":"粤语"},
{"n":"闽南语","v":"闽南语"},
{"n":"韩语","v":"韩语"},
{"n":"日语","v":"日语"},
{"n":"其它","v":"其它"}]},

{"key":"year","name":"年份","value":[
{"n":"全部","v":""},
{"n":"2022","v":"2022"},
{"n":"2021","v":"2021"},
{"n":"2020","v":"2020"},
{"n":"2019","v":"2019"},
{"n":"2018","v":"2018"},
{"n":"2017","v":"2017"},
{"n":"2016","v":"2016"},
{"n":"2015","v":"2015"},
{"n":"2014","v":"2014"},
{"n":"2013","v":"2013"},
{"n":"2012","v":"2012"},
{"n":"2011","v":"2011"},
{"n":"2010","v":"2010"},
{"n":"2009","v":"2009"},
{"n":"2008","v":"2008"},
{"n":"2007","v":"2007"},
{"n":"2006","v":"2006"},
{"n":"2005","v":"2005"},
{"n":"2004","v":"2004"},
{"n":"2003","v":"2003"},
{"n":"2002","v":"2002"},
{"n":"2001","v":"2001"},
{"n":"2000","v":"2000"}]},

{"key":"by","name":"排序","value":[
{"n":"时间","v":"/by/time"},
{"n":"人气","v":"/by/hits"},
{"n":"评分","v":"/by/score"}]}],

"4":[
{"key":"class","name":"剧情","value":[
{"n":"全部","v":""},
{"n":"热血","v":"热血"},
{"n":"格斗","v":"格斗"},
{"n":"恋爱","v":"恋爱"},
{"n":"少女","v":"少女"},
{"n":"校园","v":"校园"},
{"n":"搞笑","v":"搞笑"},
{"n":"神魔","v":"神魔"},
{"n":"机战","v":"机战"},
{"n":"科幻","v":"科幻"},
{"n":"真人","v":"真人"},
{"n":"青春","v":"青春"},
{"n":"魔法","v":"魔法"},
{"n":"神话","v":"神话"},
{"n":"冒险","v":"冒险"},
{"n":"运动","v":"运动"},
{"n":"竞技","v":"竞技"},
{"n":"童话","v":"童话"},
{"n":"亲子","v":"亲子"},
{"n":"教育","v":"教育"},
{"n":"励志","v":"励志"},
{"n":"剧情","v":"剧情"},
{"n":"其他","v":"其他"}]},

{"key":"area","name":"地区","value":[
{"n":"全部","v":""},
{"n":"中国大陆","v":"中国大陆"},
{"n":"日本","v":"日本"},
{"n":"美国","v":"美国"},
{"n":"其他","v":"其他"}]},

{"key":"lang","name":"语言","value":[
{"n":"全部","v":""},
{"n":"普通话","v":"普通话"},
{"n":"英语","v":"英语"},
{"n":"粤语","v":"粤语"},
{"n":"闽南语","v":"闽南语"},
{"n":"韩语","v":"韩语"},
{"n":"日语","v":"日语"},
{"n":"其它","v":"其它"}]},

{"key":"year","name":"年份","value":[
{"n":"全部","v":""},
{"n":"2022","v":"2022"},
{"n":"2021","v":"2021"},
{"n":"2020","v":"2020"},
{"n":"2019","v":"2019"},
{"n":"2018","v":"2018"},
{"n":"2017","v":"2017"},
{"n":"2016","v":"2016"},
{"n":"2015","v":"2015"},
{"n":"2014","v":"2014"},
{"n":"2013","v":"2013"},
{"n":"2012","v":"2012"},
{"n":"2011","v":"2011"},
{"n":"2010","v":"2010"},
{"n":"2009","v":"2009"},
{"n":"2008","v":"2008"},
{"n":"2007","v":"2007"},
{"n":"2006","v":"2006"},
{"n":"2005","v":"2005"},
{"n":"2004","v":"2004"},
{"n":"2003","v":"2003"},
{"n":"2002","v":"2002"},
{"n":"2001","v":"2001"},
{"n":"2000","v":"2000"}]},

{"key":"by","name":"排序","value":[
{"n":"时间","v":"/by/time"},
{"n":"人气","v":"/by/hits"},
{"n":"评分","v":"/by/score"}]}]}

}