{
"作者":"张弘",
"站名":"饭团影视HD",
"主页url":"https://www.fantuanhd.com/",
"数组": "class=\"stui-vodlist__box&&</li>",
"图片":"data-original=\"&&\"",
"标题":"title=\"&&\"",
"链接":"href=\"&&\"",
"副标题":"<span class=\"pic-text text-right\">&&</span>",
"状态":"地区：&&</p>",
"导演":"导演：&&</p>",
"主演":"主演：&&</p>",
"简介":"简介：&&</p>",
"线路二次截取": "class=\"tab-top play-tab clearfix&&</ul>",
"线路数组": "<a&&/a>",
"线路标题": ">&&<",
"播放数组":"class=\"stui-play__list clearfix\"&&</ul>",
"播放列表":"<a&&/a>",
"播放标题":">&&<",
"播放链接":"href=\"&&\"",
"搜索模式":"0",
"搜索url":"https://www.fantuanhd.com/search.html?wd={wd}&submit=",
"搜索链接前缀":"https://www.fantuanhd.com",
"搜索链接后缀":"",
"免嗅":"1",
"嗅探词":".m3u8#.mp4#.flv#.m4a#.avi#.mkv#.mov#.3gp#.asf#.rm#.rmvb#.wmv#.mpg#.mpeg#.mpe#.ts#.vob#.mp3#.wma",
"分类":"电影$20#电视剧$21#综艺$22#动漫$23#记录片$24#动画片$25",
"分类url":"https://www.fantuanhd.com/show/id-{cateId}/area/{area}/by/{by}/class/{class}/lang/{lang}/page/{catePg}/year/{year}.html",
"筛选":{
"20":[
{
"key":"class",
"name":"类型",
"value":[
{"n":"全部","v":""},
{"n":"喜剧","v":"喜剧"},
{"n":"爱情","v":"爱情"},
{"n":"恐怖","v":"恐怖"},
{"n":"动作","v":"动作"},
{"n":"科幻","v":"科幻"},
{"n":"剧情","v":"剧情"},
{"n":"战争","v":"战争"},
{"n":"犯罪","v":"犯罪"},
{"n":"灾难","v":"灾难"},
{"n":"奇幻","v":"奇幻"},
{"n":"悬疑","v":"悬疑"},
{"n":"惊悚","v":"惊悚"},
{"n":"冒险","v":"冒险"}
]
},
{
"key":"area",
"name":"地区",
"value":[
{"n":"全部","v":""},
{"n":"大陆","v":"大陆"},
{"n":"香港","v":"香港"},
{"n":"台湾","v":"台湾"},
{"n":"美国","v":"美国"},
{"n":"法国","v":"法国"},
{"n":"英国","v":"英国"},
{"n":"日本","v":"日本"},
{"n":"韩国","v":"韩国"},
{"n":"德国","v":"德国"},
{"n":"泰国","v":"泰国"},
{"n":"印度","v":"印度"},
{"n":"其他","v":"其他"}
]
},
{
"key":"lang",
"name":"语言",
"value":[
{"n":"全部","v":""},
{"n":"普通话","v":"普通话"},
{"n":"英语","v":"英语"},
{"n":"粤语","v":"粤语"},
{"n":"闽南语","v":"闽南语"},
{"n":"韩语","v":"韩语"},
{"n":"日语","v":"日语"},
{"n":"法语","v":"法语"},
{"n":"德语","v":"德语"},
{"n":"其它","v":"其它"}
]
},
{
"key":"year",
"name":"年份",
"value":[
{"n":"全部","v":""},
{"n":"2022","v":"2022"},
{"n":"2021","v":"2021"},
{"n":"2020","v":"2020"},
{"n":"2019","v":"2019"},
{"n":"2018","v":"2018"},
{"n":"2017","v":"2017"},
{"n":"2016","v":"2016"},
{"n":"2008","v":"2008"},
{"n":"2000","v":"2000"},
{"n":"1997","v":"1997"},
{"n":"1980","v":"1980"}
]
},
{
"key":"by",
"name":"排序",
"value":[
{"n":"全部","v":""},
{"n":"时间","v":"time"},
{"n":"人气","v":"hits"},
{"n":"评分","v":"score"}
]
}
],
"21":[
{
"key":"class",
"name":"类型",
"value":[
{"n":"全部","v":""},
{"n":"古装","v":"古装"},
{"n":"战争","v":"战争"},
{"n":"偶像","v":"偶像"},
{"n":"犯罪","v":"犯罪"},
{"n":"奇幻","v":"奇幻"},
{"n":"剧情","v":"剧情"},
{"n":"历史","v":"历史"},
{"n":"网剧","v":"网剧"}
]
},
{
"key":"area",
"name":"地区",
"value":[
{"n":"全部","v":""},
{"n":"大陆","v":"大陆"},
{"n":"香港","v":"香港"},
{"n":"台湾","v":"台湾"},
{"n":"美国","v":"美国"},
{"n":"法国","v":"法国"},
{"n":"英国","v":"英国"},
{"n":"日本","v":"日本"},
{"n":"韩国","v":"韩国"},
{"n":"德国","v":"德国"},
{"n":"泰国","v":"泰国"},
{"n":"印度","v":"印度"},
{"n":"其他","v":"其他"}
]
},
{
"key":"lang",
"name":"语言",
"value":[
{"n":"全部","v":""},
{"n":"普通话","v":"普通话"},
{"n":"英语","v":"英语"},
{"n":"粤语","v":"粤语"},
{"n":"闽南语","v":"闽南语"},
{"n":"韩语","v":"韩语"},
{"n":"日语","v":"日语"},
{"n":"法语","v":"法语"},
{"n":"德语","v":"德语"},
{"n":"其它","v":"其它"}
]
},
{
"key":"year",
"name":"年份",
"value":[
{"n":"全部","v":""},
{"n":"2022","v":"2022"},
{"n":"2021","v":"2021"},
{"n":"2020","v":"2020"},
{"n":"2019","v":"2019"},
{"n":"2018","v":"2018"},
{"n":"2017","v":"2017"},
{"n":"2016","v":"2016"},
{"n":"2008","v":"2008"},
{"n":"2000","v":"2000"},
{"n":"1997","v":"1997"},
{"n":"1980","v":"1980"}
]
},
{
"key":"by",
"name":"排序",
"value":[
{"n":"全部","v":""},
{"n":"时间","v":"time"},
{"n":"人气","v":"hits"},
{"n":"评分","v":"score"}
]
}
],
"22":[
{
"key":"class",
"name":"类型",
"value":[
{"n":"全部","v":""},
{"n":"相声","v":"相声"},
{"n":"真人秀","v":"真人秀"},
{"n":"脱口秀","v":"脱口秀"},
{"n":"选秀","v":"选秀"},
{"n":"情感","v":"情感"},
{"n":"访谈","v":"访谈"},
{"n":"播报","v":"播报"},
{"n":"旅游","v":"旅游"},
{"n":"音乐","v":"音乐"},
{"n":"美食","v":"美食"},
{"n":"纪实","v":"纪实"},
{"n":"舞蹈","v":"舞蹈"}
]
},
{
"key":"area",
"name":"地区",
"value":[
{"n":"全部","v":""},
{"n":"大陆","v":"大陆"},
{"n":"香港","v":"香港"},
{"n":"台湾","v":"台湾"},
{"n":"日本","v":"日本"},
{"n":"韩国","v":"韩国"},
{"n":"欧美","v":"欧美"}
]
},
{
"key":"lang",
"name":"语言",
"value":[
{"n":"全部","v":""},
{"n":"普通话","v":"普通话"},
{"n":"英语","v":"英语"},
{"n":"粤语","v":"粤语"},
{"n":"闽南语","v":"闽南语"},
{"n":"韩语","v":"韩语"},
{"n":"日语","v":"日语"},
{"n":"其它","v":"其它"}
]
},
{
"key":"year",
"name":"年份",
"value":[
{"n":"全部","v":""},
{"n":"2022","v":"2022"},
{"n":"2021","v":"2021"},
{"n":"2020","v":"2020"},
{"n":"2019","v":"2019"},
{"n":"2018","v":"2018"},
{"n":"2017","v":"2017"},
{"n":"2016","v":"2016"},
{"n":"2008","v":"2008"},
{"n":"2000","v":"2000"},
{"n":"1997","v":"1997"},
{"n":"1980","v":"1980"}
]
},
{
"key":"by",
"name":"排序",
"value":[
{"n":"全部","v":""},
{"n":"时间","v":"time"},
{"n":"人气","v":"hits"},
{"n":"评分","v":"score"}
]
}
],
"23":[
{
"key":"class",
"name":"类型",
"value":[
{"n":"全部","v":""},
{"n":"科幻","v":"科幻"},
{"n":"热血","v":"热血"},
{"n":"推理","v":"推理"},
{"n":"搞笑","v":"搞笑"},
{"n":"冒险","v":"冒险"},
{"n":"萝莉","v":"萝莉"},
{"n":"校园","v":"校园"},
{"n":"动作","v":"动作"},
{"n":"机战","v":"机战"},
{"n":"运动","v":"运动"},
{"n":"战争","v":"战争"},
{"n":"少年","v":"少年"},
{"n":"少女","v":"少女"}
]
},
{
"key":"area",
"name":"地区",
"value":[
{"n":"全部","v":""},
{"n":"大陆","v":"大陆"},
{"n":"香港","v":"香港"},
{"n":"台湾","v":"台湾"},
{"n":"日本","v":"日本"},
{"n":"欧美","v":"欧美"}
]
},
{
"key":"lang",
"name":"语言",
"value":[
{"n":"全部","v":""},
{"n":"普通话","v":"普通话"},
{"n":"英语","v":"英语"},
{"n":"粤语","v":"粤语"},
{"n":"闽南语","v":"闽南语"},
{"n":"韩语","v":"韩语"},
{"n":"日语","v":"日语"},
{"n":"法语","v":"法语"},
{"n":"德语","v":"德语"},
{"n":"其它","v":"其它"}
]
},
{
"key":"year",
"name":"年份",
"value":[
{"n":"全部","v":""},
{"n":"2022","v":"2022"},
{"n":"2021","v":"2021"},
{"n":"2020","v":"2020"},
{"n":"2019","v":"2019"},
{"n":"2018","v":"2018"},
{"n":"2017","v":"2017"},
{"n":"2016","v":"2016"},
{"n":"2008","v":"2008"},
{"n":"2000","v":"2000"},
{"n":"1997","v":"1997"},
{"n":"1980","v":"1980"}
]
},
{
"key":"by",
"name":"排序",
"value":[
{"n":"全部","v":""},
{"n":"时间","v":"time"},
{"n":"人气","v":"hits"},
{"n":"评分","v":"score"}
]
}
],
"24":[
{
"key":"class",
"name":"类型",
"value":[
{"n":"全部","v":""},
{"n":"历史","v":"历史"},
{"n":"传记","v":"传记"},
{"n":"生活","v":"生活"},
{"n":"人文","v":"人文"},
{"n":"地理","v":"地理"},
{"n":"舞台","v":"舞台"},
{"n":"专题","v":"专题"},
{"n":"时事","v":"时事"},
{"n":"宣传","v":"宣传"}
]
},
{
"key":"area",
"name":"地区",
"value":[
{"n":"全部","v":""},
{"n":"大陆","v":"大陆"},
{"n":"香港","v":"香港"},
{"n":"台湾","v":"台湾"},
{"n":"美国","v":"美国"},
{"n":"法国","v":"法国"},
{"n":"英国","v":"英国"},
{"n":"日本","v":"日本"},
{"n":"韩国","v":"韩国"},
{"n":"德国","v":"德国"},
{"n":"泰国","v":"泰国"},
{"n":"印度","v":"印度"},
{"n":"其他","v":"其他"}
]
},
{
"key":"lang",
"name":"语言",
"value":[
{"n":"全部","v":""},
{"n":"普通话","v":"普通话"},
{"n":"英语","v":"英语"},
{"n":"粤语","v":"粤语"},
{"n":"闽南语","v":"闽南语"},
{"n":"韩语","v":"韩语"},
{"n":"日语","v":"日语"},
{"n":"法语","v":"法语"},
{"n":"德语","v":"德语"},
{"n":"其它","v":"其它"}
]
},
{
"key":"year",
"name":"年份",
"value":[
{"n":"全部","v":""},
{"n":"2022","v":"2022"},
{"n":"2021","v":"2021"},
{"n":"2020","v":"2020"},
{"n":"2019","v":"2019"},
{"n":"2018","v":"2018"},
{"n":"2017","v":"2017"},
{"n":"2016","v":"2016"},
{"n":"2008","v":"2008"},
{"n":"2000","v":"2000"},
{"n":"1997","v":"1997"},
{"n":"1980","v":"1980"}
]
},
{
"key":"by",
"name":"排序",
"value":[
{"n":"全部","v":""},
{"n":"时间","v":"time"},
{"n":"人气","v":"hits"},
{"n":"评分","v":"score"}
]
}
],
25":[
{
"key":"class",
"name":"类型",
"value":[
{"n":"全部","v":""},
{"n":"科幻","v":"科幻"},
{"n":"热血","v":"热血"},
{"n":"推理","v":"推理"},
{"n":"搞笑","v":"搞笑"},
{"n":"冒险","v":"冒险"},
{"n":"萝莉","v":"萝莉"},
{"n":"校园","v":"校园"},
{"n":"动作","v":"动作"},
{"n":"机战","v":"机战"},
{"n":"运动","v":"运动"},
{"n":"战争","v":"战争"},
{"n":"少年","v":"少年"},
{"n":"少女","v":"少女"}
]
},
{
"key":"area",
"name":"地区",
"value":[
{"n":"全部","v":""},
{"n":"大陆","v":"大陆"},
{"n":"香港","v":"香港"},
{"n":"台湾","v":"台湾"},
{"n":"美国","v":"美国"},
{"n":"英国","v":"英国"},
{"n":"日本","v":"日本"},
{"n":"韩国","v":"韩国"},
{"n":"泰国","v":"泰国"},
{"n":"新加坡","v":"新加坡"},
{"n":"其他","v":"其他"}
]
},
{
"key":"lang",
"name":"语言",
"value":[
{"n":"全部","v":""},
{"n":"普通话","v":"普通话"},
{"n":"英语","v":"英语"},
{"n":"粤语","v":"粤语"},
{"n":"闽南语","v":"闽南语"},
{"n":"韩语","v":"韩语"},
{"n":"日语","v":"日语"},
{"n":"法语","v":"法语"},
{"n":"德语","v":"德语"},
{"n":"其它","v":"其它"}
]
},
{
"key":"year",
"name":"年份",
"value":[
{"n":"全部","v":""},
{"n":"2022","v":"2022"},
{"n":"2021","v":"2021"},
{"n":"2020","v":"2020"},
{"n":"2019","v":"2019"},
{"n":"2018","v":"2018"},
{"n":"2017","v":"2017"},
{"n":"2016","v":"2016"},
{"n":"2008","v":"2008"},
{"n":"2000","v":"2000"},
{"n":"1997","v":"1997"},
{"n":"1980","v":"1980"}
]
},
{
"key":"by",
"name":"排序",
"value":[
{"n":"全部","v":""},
{"n":"时间","v":"time"},
{"n":"人气","v":"hits"},
{"n":"评分","v":"score"}
]
}
]
}
}