{
"站名":"香蕉超清资源",
"主页url":"https://avjj.vip/cq/",
"直接播放":"1",
"分类":"亚洲AV$2k-yazhou#自拍偷拍$2k-zipaitoupai#超清传媒$2k-chaoqingchuanmei#3D动漫$2k-3Ddongman#欧美AV$2k-oumei#乱伦人妻$2k-luanlunrenqi#丝袜制服$2k-siwazhifu#直播录播$2k-zhibolubo#SM另类$2k-SMlinglei#超清三级$2k-chaoqingsanji",
"数组":"<div class=\"item\"&&</div>",
"图片":"data-original=\"&&\"",
"标题":"title=\"&&\"",
"链接":"href=\"/cq/k&&.html\"",
"链接前缀":"https://avjj.vip/cq/Kplay",
"链接后缀": "-1-1.html",
"线路数组":"button-rounded&&/a>",
"线路标题":">&&<",
"搜索数组":"<div class=\"item\"&&</div>",
"搜索图片": "data-original=\"&&\"",
"搜索标题":"title=\"&&\"",
"搜索链接": "href=\"/cq/k&&.html\"",
"搜索模式": "1",
"搜索url":"https://avjj.vip/cq/vod/search/page/{catePg}/wd/{wd}.html",
"搜索链接前缀":"https://avjj.vip/cq/Kplay",
"搜索链接后缀":"-1-1.html",
"分类url":"https://avjj.vip/cq/{cateId}-{catePg}.html",
"免嗅":"1",
"嗅探词":".m3u8#.mp4#.flv#.m4a#.avi#.mkv#.mov#.3gp#.asf#.rm#.rmvb#.wmv#.mpg#.mpeg#.mpe#.ts#.vob#.mp3#.wma"
}